timestamp,F4,C4,S1,S3,C3,F3,y
74022.42015941365,-9346.284,-8913.274,-44.24565,-8474.337,-8016.2637,-8276.046,1
74022.42349285385,-5690.293,-5396.192,1665.506,-4697.989,-4662.546,-4938.4717,1
74022.42682629405,6442.974,6133.129,1552.2706,8316.522,5391.7886,5746.2754,1
74022.43015973426,6364.7554,5992.814,44.247,8322.3545,4728.163,5251.833,1
74022.43349317445,-5650.5376,-5494.9897,-1151.6444,-5092.222,-5397.699,-5351.6685,1
74022.43682661465,-9032.913,-8752.81,-44.24565,-9436.596,-7677.8794,-8089.783,1
74022.44016005484,-4538.2134,-4431.643,2373.5713,-5060.3823,-3685.5725,-3920.196,1
74022.44349349506,6386.358,5917.8394,1397.052,6561.401,5201.401,5623.156,1
74022.44682693525,6724.6523,6178.7734,44.247,6890.6577,4893.615,5521.6436,1
74022.45016037545,-6202.566,-6184.4385,-1653.6714,-7393.274,-6013.5933,-5915.2056,1
74022.45349381564,-9215.113,-8868.884,-44.24565,-11121.897,-7790.9736,-8151.4717,1
74022.45682725584,-5495.782,-5289.7095,1413.5073,-7308.672,-4470.1577,-4712.973,1
74022.46016069605,6556.3623,6211.5654,1622.2258,5976.543,5496.5,5936.759,1
74022.46349413625,6374.7197,6121.6123,-258.86,6279.0884,4942.3564,5353.5913,1
74022.46682757644,-7469.5815,-7168.5107,-2764.107,-8362.954,-6996.905,-7085.7974,1
74022.47016101664,-9608.328,-9176.018,-44.24565,-10663.251,-8261.899,-8581.791,1
74022.47349445685,-5449.543,-5278.2114,1712.4661,-5882.2075,-4532.9053,-4806.123,1
74022.47682789704,6502.639,6138.6064,1587.8901,7904.2246,5271.171,5754.4453,1
74022.48016133724,6587.1772,6242.0596,44.247,8903.308,4900.796,5459.656,1
74022.48349477744,-6542.988,-6372.791,-1993.7878,-4824.732,-6236.423,-6344.259,1
74022.48682821763,-9286.853,-8891.379,-44.24565,-7796.8584,-7948.3477,-8358.695,1
74022.49016165784,-4437.237,-4200.539,2108.2773,-2691.7283,-3436.982,-3843.012,1
74022.49349509804,6219.6045,5903.3184,1296.5924,9065.275,5046.7188,5446.132,1
74022.49682853823,6600.084,6222.864,44.247,9368.849,4790.0957,5350.953,1
74022.50016197843,-6382.551,-6139.2,-1914.0964,-5357.329,-5996.0044,-6130.037,1
74022.50349541863,-9206.708,-8955.266,-44.24565,-9349.0625,-7845.4263,-8354.503,1
74022.50682885884,-4660.8413,-4516.5127,2178.9524,-5489.4316,-3854.417,-4070.477,1
74022.51016229903,6677.21,6146.0806,1387.752,6295.7954,5361.1543,5821.683,1
74022.51349573923,6676.3257,6304.146,44.247,5961.9727,5045.604,5478.222,1
74022.51682917943,-6730.696,-6658.494,-2229.6252,-8943.385,-6468.431,-6537.1255,1
74022.52016261964,-9118.46,-8761.208,-44.24565,-11951.658,-7666.211,-8126.6167,1
74022.52349605983,-5657.33,-5451.812,979.8343,-8422.94,-4621.789,-5017.8716,1
74022.52682950003,6109.9453,5693.2896,1224.8595,4595.145,5114.5654,5405.6562,1
74022.53016294022,6335.94,5979.9165,44.247,5456.262,4808.346,5248.8384,1
74022.53349638042,-5840.293,-5599.185,-1040.602,-7361.4243,-5401.248,-5435.1475,1
74022.53682982063,-8941.363,-8454.375,-44.24565,-10420.737,-7445.1094,-7922.387,1
74022.54016326083,-3386.1921,-3213.1448,3679.142,-4080.3992,-2447.77,-2696.6145,1
74022.54349670102,6509.919,6077.8994,1783.5697,7649.675,5421.2812,5731.782,1
74022.54683014122,6292.7163,5919.9297,44.247,8633.216,4765.2627,5092.522,1
74022.55016358143,-6622.269,-6511.492,-1827.1302,-4708.3203,-6367.303,-6565.2837,1
74022.55349702162,-9243.028,-8939.369,-44.24565,-7265.068,-7895.9893,-8465.901,1
74022.55683046182,-4083.7446,-3971.5386,2978.9946,-1629.0989,-3253.7358,-3638.0842,1
74022.56016390202,6562.5967,6090.9033,1642.49,10123.746,5365.6035,5696.467,1
74022.56349734221,6633.92,6267.448,14.448,10210.479,4967.037,5386.7354,1
74022.56683078242,-7088.9795,-6943.32,-2388.999,-4988.635,-6878.284,-6867.6387,1
74022.57016422262,-9182.395,-8918.073,-44.24565,-8242.016,-7895.69,-8296.708,1
74022.57349766282,-6230.239,-6070.609,683.27936,-5849.5527,-5189.828,-5598.8345,1
74022.57683110301,6390.602,5939.705,1278.5728,6849.3984,5284.615,5615.4917,1
74022.58016454322,6636.6865,6175.069,-70.133,6620.3975,5087.4014,5516.8647,1
74022.58349798342,-6720.1924,-6544.1704,-2215.2021,-8661.133,-6253.472,-6462.73,1
74022.58683142361,-8952.169,-8631.936,-44.24565,-11922.28,-7441.2197,-7967.3057,1
74022.59016486381,-3453.677,-3368.6926,3498.8806,-6681.246,-2461.2751,-2833.5352,1
74022.5935,6833.9897,6272.2866,1978.8405,4676.9927,5672.4736,6093.24,1
74022.59683174422,6353.9497,5745.668,44.247,4693.35,4561.215,5202.123,1
74022.60016518441,-6035.8896,-5924.886,-1000.2973,-8093.109,-5700.4556,-5673.087,1
74022.60349862461,-9270.644,-8971.462,-44.24565,-11327.839,-7775.4155,-8281.735,1
74022.60683,-3785.8733,-3683.4324,3478.5276,-4729.7817,-2740.1838,-3078.0789,1
74022.61016550502,6558.9614,6104.6895,2081.5652,7599.6113,5524.608,5902.852,1
74022.61349894521,6065.0264,5743.7095,-339.528,8208.672,4538.563,4997.7227,1
74022.61683,-8057.993,-7804.135,-3047.977,-6228.258,-7544.473,-7729.661,1
74022.62017,-9183.596,-8760.308,-44.24565,-7327.42,-7717.073,-8230.827,1
74022.6235,-6089.3306,-5798.3184,692.9656,-3937.29,-5016.86,-5453.4004,1
74022.62683270601,6549.276,6133.1016,1283.0703,9746.343,5296.9883,5766.7637,1
74022.63017,6688.3325,6249.858,44.247,9870.662,4962.13,5572.8506,1
74022.6335,-7158.9487,-7006.6455,-2632.664,-5485.6978,-6880.446,-6857.8135,1
74022.63683,-9270.943,-8995.156,-44.24565,-8784.298,-7880.7305,-8352.706,1
74022.64017,-6262.076,-6095.994,237.29762,-6384.655,-5301.273,-5730.5425,1
74022.6435,6220.8896,5774.589,1092.8965,6473.312,5141.942,5388.2827,1
74022.64683,6759.7407,6411.7827,33.11,6558.468,5266.639,5617.1133,1
74022.65017,-6632.526,-6480.7466,-2008.6858,-8487.427,-6198.7217,-6311.3936,1
74022.65350022759,-9404.816,-9079.438,-44.24565,-12224.748,-8017.4604,-8443.741,1
74022.65683,-4359.8135,-4263.7354,2647.9434,-7128.527,-3584.5654,-3751.6367,1
74022.66017,6280.722,5718.7417,1603.3885,4635.386,4903.3623,5484.9683,1
74022.6635,6151.7886,5748.093,-117.992,4903.1245,4439.666,4975.2017,1
74022.66683398839,-7554.576,-7397.174,-2644.6677,-9496.024,-7310.1064,-7279.1694,1
74022.67016742859,-9400.314,-9117.83,-44.24565,-11332.335,-8137.7354,-8480.574,1
74022.6735,-5553.904,-5407.6606,1766.858,-6712.1265,-4735.2495,-4989.812,1
74022.67683,6358.2896,6046.4814,1583.8568,7005.718,5211.9434,5576.667,1
74022.68016774919,6236.185,5941.832,-207.991,7761.0547,4596.499,5016.9634,1
74022.68350118939,-7784.8247,-7531.3047,-2604.6936,-6679.997,-7409.095,-7486.2573,1
74022.68683,-9200.705,-8889.279,-44.24565,-8029.179,-7858.8896,-8201.78,1
74022.69016806979,-5348.835,-5178.6035,1710.8447,-3740.1162,-4567.9814,-4812.339,1
74022.69350150999,6606.748,6206.796,1858.7671,9516.896,5390.846,5712.3438,1
74022.69683495018,6626.543,6234.1523,-155.918,9773.618,4908.269,5379.573,1
74022.70016839038,-7463.35,-7409.0674,-2405.9565,-5623.3276,-7327.3154,-7343.807,1
74022.70350183059,-8708.736,-8438.179,-44.24565,-7541.455,-7418.781,-7930.772,1
74022.70683527079,-6144.6733,-6055.019,356.8494,-5250.8555,-5294.1113,-5724.9917,1
74022.71016871098,6313.732,5811.866,899.3288,7813.7446,5068.333,5390.128,1
74022.71350215118,6407.379,5787.359,44.247,7644.5767,4557.3257,5127.259,1
74022.71683559139,-6715.6167,-6734.835,-2354.1206,-7307.8667,-6604.862,-6609.927,1
74022.72016903159,-9124.463,-9003.255,-44.24565,-10856.901,-7991.431,-8350.61,1
74022.72350247178,-5964.8623,-5841.253,720.2581,-8008.4585,-4963.768,-5393.738,1
74022.72683591198,6319.285,5777.2964,1210.7494,4799.457,5117.0337,5468.085,1
74022.73016935217,6538.2505,6020.108,44.247,4989.522,4855.3193,5291.3613,1
74022.73350279238,-6751.892,-6780.1206,-2123.6626,-9633.583,-6489.723,-6573.7456,1
74022.73683623258,-9067.732,-8882.981,-44.24565,-12460.966,-7726.0493,-8185.909,1
74022.74016967278,-5268.831,-5268.214,1319.2328,-8063.4653,-4421.5264,-4689.6543,1
74022.74350311297,6701.7803,6126.4263,1616.8273,5648.485,5405.9487,5865.655,1
74022.74683655317,5859.0864,5350.7295,-781.697,5830.8936,4030.5718,4691.2075,1
74022.75016999338,-8047.985,-7906.477,-3762.088,-8398.089,-7866.4873,-7878.032,1
74022.75350343357,-9292.556,-9069.24,-44.24565,-9345.466,-7990.2344,-8412.298,1
74022.75683687377,-6205.8945,-6087.9653,224.56563,-5411.844,-5390.817,-5658.07,1
74022.76017031397,6579.672,6159.6797,1190.792,9094.005,5352.262,5821.666,1
74022.76350375418,6588.875,6269.3257,-641.431,9827.39,4983.1396,5467.22,1
74022.76683719437,-7028.883,-6767.156,-2664.072,-4611.5273,-6587.9917,-6718.377,1
74022.77017063457,-8405.2705,-8099.8525,-44.24565,-6700.3027,-7046.887,-7522.6123,1
74022.77350407476,-3673.5757,-3619.9136,3247.529,-2059.7961,-2864.5264,-3147.5615,1
74022.77683751496,7702.2866,7048.583,2214.31,9719.279,6274.08,6788.0464,1
74022.78017095517,6865.9463,6333.485,-310.03,8405.74,5073.094,5649.7915,1
74022.78350439537,-6821.815,-6874.9937,-1876.4537,-7262.4985,-6514.181,-6585.4717,1
74022.78683783556,-9194.102,-9012.253,-44.24565,-10839.515,-7862.48,-8299.702,1
74022.79017127576,-3932.7305,-3973.4324,3212.8433,-6140.8926,-3093.7969,-3310.2102,1
74022.79350471597,6553.1606,5990.507,1843.0006,4938.8745,5414.243,5816.7725,1
74022.79683815617,5945.3335,5512.8525,-313.341,4146.0083,4343.3486,4827.7656,1
74022.80017159636,-8182.4785,-8035.0615,-3159.7979,-11079.741,-7797.4604,-7842.9575,1
74022.80350503656,-9580.112,-9365.576,-44.24565,-12904.924,-8201.463,-8551.546,1
74022.80683847675,-6369.7056,-6256.7285,275.93265,-9172.032,-5546.226,-5811.546,1
74022.81017191696,6407.6284,5902.9556,1251.127,5400.3193,5132.9004,5607.4185,1
74022.81350535716,6316.8706,5918.145,-121.002,6418.445,4713.108,5097.3643,1
74022.81683879736,-7283.6157,-7146.2407,-2493.1868,-7292.5513,-7010.807,-7087.679,1
74022.82017223755,-9057.227,-8748.311,-44.24565,-8579.556,-7814.011,-8285.928,1
74022.82350567776,-5674.052,-5596.9507,770.0362,-4187.2153,-4930.714,-5362.9385,1
74022.82683911796,6726.991,6160.0366,1215.1941,10190.485,5426.227,5704.855,1
74022.83017255816,6838.2417,6337.1353,-126.119,11050.756,5042.7847,5459.082,1
74022.83350599835,-6609.6104,-6594.621,-2317.5996,-3303.6372,-6479.0454,-6601.797,1
74022.83683943855,-8890.636,-8723.416,-44.24565,-6234.7617,-7750.882,-8156.2627,1
74022.84017287876,-3026.1023,-3076.346,3491.1594,-708.1699,-2328.223,-2532.2004,1
74022.84350631895,6605.572,6082.7886,1320.2651,9121.253,5420.7153,5719.3657,1
74022.84683975915,6726.055,6196.6445,9.03,8282.941,4990.6406,5460.9727,1
74022.85017319935,-7155.275,-7151.9395,-2408.8242,-7777.4844,-6858.996,-7002.9624,1
74022.85350663956,-9024.209,-8831.093,-44.24565,-11181.552,-7630.9067,-8154.1665,1
74022.85684007975,-4400.9927,-4426.02,2249.3616,-7347.5684,-3571.678,-3976.7983,1
74022.86017351995,6863.6284,6226.7627,1921.5522,4321.0366,5622.7427,5984.6035,1
74022.86350696014,5973.8,5430.525,-439.159,3358.0002,4339.9,4824.7246,1
74022.86684040034,-7629.3096,-7648.541,-2590.2617,-11362.945,-7383.898,-7330.484,1
74022.87017384055,-9200.405,-9029.649,-44.24565,-13181.311,-7840.34,-8300.002,1
74022.87350728075,-5493.498,-5316.3354,1226.751,-8718.501,-4465.6753,-4936.8384,1
74022.87684072094,6696.177,6330.3433,1608.5271,5561.7134,5661.5703,5891.981,1
74022.88017416114,6216.106,5817.2646,19.565,6351.272,4654.7134,5113.3574,1
74022.88350760133,-6542.173,-6248.6235,-2013.9155,-6304.1724,-5988.8877,-6206.0986,1
74022.88684104155,-8938.062,-8497.865,-44.24565,-8263.898,-7380.7837,-8033.4854,1
74022.89017448174,-3723.3008,-3584.2566,2708.8533,-2109.9917,-2728.875,-3204.4797,1
74022.89350792194,6159.358,5652.9,1050.534,9352.139,4887.3857,5213.3584,1
74022.89684136213,6937.671,6402.0996,9.03,10824.084,5128.268,5630.1655,1
74022.90017480234,-6678.0396,-6711.8022,-1904.4838,-3938.6934,-6535.523,-6612.008,1
74022.90350824254,-9135.869,-8938.769,-44.24565,-7063.323,-7855.5986,-8390.737,1
74022.90684168274,-4036.5579,-4065.8574,2975.3828,-2315.3381,-3252.3557,-3644.6045,1
74022.91017512293,6854.942,6491.463,1745.3174,8973.796,5788.132,5949.3916,1
74022.91350856313,5863.318,5542.7554,-338.926,7419.982,4375.8066,4761.4546,1
74022.91684200334,-7573.8613,-7395.935,-2420.722,-7855.1836,-7111.1113,-7259.4546,1
74022.92017544353,-9494.266,-9137.025,-44.24565,-10956.725,-8011.1777,-8517.707,1
74022.92350888373,-4017.0708,-3857.2676,3061.7146,-5829.8813,-3035.69,-3400.3806,1
74022.92684232393,6512.68,6039.532,1748.564,5435.496,5193.582,5707.203,1
74022.93017576414,6279.2085,5817.6523,44.247,5224.541,4506.164,5095.5166,1
74022.93350920433,-6774.3833,-6724.3574,-1651.723,-8979.028,-6553.848,-6562.7603,1
74022.93684264453,-9209.71,-8831.393,-44.24565,-11643.795,-7820.294,-8263.768,1
74022.94017608472,-2947.3591,-2865.716,3960.2292,-4876.485,-2085.5076,-2421.95,1
74022.94350952492,7014.0103,6568.688,1858.6259,6856.484,5859.402,6190.0312,1
74022.94684296513,6516.58,6291.226,-301,7116.7705,5138.97,5458.784,1
74022.95017640533,-7140.163,-6878.949,-1776.581,-7082.609,-6675.7188,-6708.0605,1
74022.95350984552,-9329.476,-8960.364,-44.24565,-9253.137,-7855.898,-8277.243,1
74022.95684328572,-4352.4077,-4208.156,2572.387,-3653.8906,-3515.119,-3717.9353,1
74022.96017672593,6757.37,6304.7456,1825.964,8963.86,5509.0503,5969.3315,1
74022.96351016613,5506.4727,5277.0156,-1185.639,8061.023,4005.704,4386.985,1
74022.96684360632,-8477.775,-8210.285,-3852.6519,-7019.354,-7966.526,-8251.492,1
74022.97017704652,-9189.299,-8922.572,-44.24565,-8197.949,-7736.82,-8348.215,1
74022.97351048671,-5699.43,-5565.255,962.17194,-4743.7183,-4746.214,-5170.6167,1
74022.97684392692,6337.672,5930.6606,1064.0453,8008.299,5203.068,5546.6846,1
74022.98017736712,6505.12,6079.0522,3.913,8157.9165,4873.028,5428.3057,1
74022.98351080732,-6786.04,-6621.23,-2066.3853,-6672.3438,-6438.211,-6478.5967,1
74022.98684424751,-8956.672,-8685.924,-44.24565,-9650.931,-7640.481,-7959.8193,1
74022.99017768772,-2320.8032,-2271.4531,4201.587,-3179.198,-1487.9237,-1684.0132,1
74022.99351112792,7016.564,6573.8984,1777.4814,6971.3774,5839.3354,6251.446,1
74022.99684456812,6316.429,5891.136,44.247,6215.5776,4714.4004,5256.624,1
74023.00017800831,-6731.584,-6624.038,-1640.5376,-8218.099,-6368.919,-6357.563,1
74023.00351,-9141.572,-8845.189,-44.24565,-11272.381,-7728.443,-8184.1123,1
74023.00684488872,-5855.1255,-5695.508,293.5862,-7826.6655,-4932.4243,-5367.2246,1
74023.01017832891,6297.976,5757.421,856.68207,5431.5317,4982.352,5322.898,1
74023.01351176911,6393.279,5866.686,-169.162,6119.678,4639.816,5195.3394,1
74023.01685,-7271.8403,-7333.1777,-2860.517,-8308.652,-7224.084,-7185.0854,1
74023.02018,-8885.532,-8661.33,-44.24565,-9830.492,-7721.5615,-8070.319,1
74023.02351208971,-6151.641,-6058.9385,376.80594,-6271.1255,-5308.499,-5719.1797,1
74023.02684552991,6523.0522,6068.3936,710.67706,7913.251,5225.1934,5594.1196,1
74023.03018,6385.8574,6001.297,-355.481,8553.94,4726.059,5152.1606,1
74023.03351,-7505.3174,-7266.424,-3051.5247,-6052.769,-7178.2075,-7260.187,1
74023.03684585051,-8812.593,-8473.57,-44.24565,-7841.524,-7504.6484,-7934.9644,1
74023.04018,-4896.9497,-4767.8174,1404.5259,-3739.6135,-4125.18,-4434.469,1
74023.04351,6747.7876,6228.5605,1347.0192,8970.52,5443.6704,5840.1875,1
74023.04685,6800.884,6264.459,-67.424,8975.395,4902.8174,5567.786,1
74023.05018,-6581.755,-6561.705,-1733.6797,-5858.9575,-6456.138,-6457.2705,1
74023.05351,-8734.25,-8468.771,-44.24565,-8919.194,-7455.2817,-7958.921,1
74023.05685,-4073.5703,-3991.405,2297.6982,-4566.5522,-3324.02,-3634.3696,1
74023.06018,6985.195,6470.3096,1768.731,7185.6304,5698.4375,6092.7075,1
74023.06351,6356.0327,5966.5005,-610.729,6453.614,4755.042,5192.4766,1
74023.06685,-7137.074,-6898.965,-2214.9692,-8293.816,-6620.3853,-6758.3286,1
74023.07018,-8928.756,-8544.955,-44.24565,-10796.947,-7503.4517,-7958.921,1
74023.07351,-5117.8745,-4895.781,2007.742,-7002.1943,-4117.7505,-4413.738,1
74023.07684713289,6707.1143,6389.0806,1635.8927,5856.4224,5754.954,6024.8374,1
74023.08018057309,5793.273,5491.9824,-701.631,5219.093,4372.1304,4819.1865,1
74023.08351,-8273.263,-8031.747,-3173.5261,-9699.314,-7616.6987,-7856.1577,1
74023.08685,-9089.645,-8819.095,-44.24565,-10486.687,-7497.1685,-8127.8145,1
74023.09018089369,-6362.091,-6206.829,12.577672,-6953.5474,-5284.6997,-5775.228,1
74023.09351433389,6586.2246,6107.0435,969.0833,7564.665,5484.0435,5718.9033,1
74023.09685,6892.8916,6461.5513,-226.954,8521.791,5279.4365,5661.5967,1
74023.10018,-6699.0674,-6682.2954,-2015.4518,-5713.935,-6411.498,-6474.4985,1
74023.10351465449,-8508.827,-8243.5205,-44.24565,-7610.402,-7109.1187,-7604.6636,1
74023.10684809469,-3726.3994,-3684.2583,2487.5552,-2494.1387,-3013.3157,-3287.6082,1
74023.11018153488,7363.149,6783.119,1719.7799,9717.408,5965.0684,6442.9053,1
74023.11351497509,6444.525,5969.811,-522.837,8716.93,4744.201,5149.506,1
74023.11684841529,-7532.0454,-7550.1787,-2809.729,-6711.681,-7281.158,-7480.0127,1
74023.12018185548,-8875.928,-8731.814,-44.24565,-8962.96,-7647.9604,-8131.4077,1
74023.12351529568,-6025.0347,-5957.5884,427.08978,-6260.5527,-5231.897,-5557.1543,1
74023.12684873589,6653.003,6097.7095,1117.8246,6951.389,5421.2734,5759.8467,1
74023.13018217609,6184.328,5655.92,-398.524,6125.335,4531.3267,4998.019,1
74023.13351561628,-7448.2256,-7438.3955,-2567.4653,-9123.702,-7133.2397,-7246.5234,1
74023.13684905648,-9336.68,-9172.118,-44.24565,-11657.285,-8087.471,-8436.555,1
74023.14018249667,-5247.374,-5238.2524,1681.9293,-7536.7144,-4471.4243,-4685.2383,1
74023.14351593688,6146.0356,5687.112,1052.5172,4981.921,5054.488,5347.214,1
74023.14684937708,6105.6816,5730.6816,-291.669,5269.0317,4535.5596,5013.24,1
74023.15018281728,-7821.476,-7679.812,-2472.5981,-9305.421,-7454.639,-7592.921,1
74023.15351625747,-9084.842,-8731.814,-44.24565,-10326.31,-7676.6826,-8174.829,1
74023.15684969767,-4954.268,-4766.653,1785.0586,-5309.6577,-4032.8467,-4454.044,1
74023.16018313788,7019.9795,6480.681,1702.268,8429.4795,5712.0747,6071.4277,1
74023.16351657808,6083.419,5652.5205,-850.325,8109.4575,4337.1284,4771.4097,1
74023.16685001827,-7580.3135,-7459.007,-2514.365,-6316.9414,-7467.179,-7499.624,1
74023.17018345847,-8975.282,-8804.998,-44.24565,-7945.244,-7888.51,-8209.566,1
74023.17351689868,-3949.4607,-3897.9966,2732.9753,-2548.77,-3198.198,-3561.1746,1
74023.17685033887,6976.19,6430.4185,1778.9191,9415.3125,5651.465,6037.009,1
74023.18018377907,5977.385,5499.0225,-661.598,8409.1,4309.541,4764.5913,1
74023.18351721927,-7687.992,-7475.9185,-2479.2908,-6704.282,-7198.8794,-7434.838,1
74023.18685065946,-8947.366,-8576.748,-44.24565,-8850.547,-7520.5054,-8054.747,1
74023.19018409967,-4725.577,-4552.6465,2092.9565,-4871.1914,-3723.8472,-4074.6638,1
74023.19351753987,6634.9033,6167.676,1527.2133,7099.5967,5484.2173,5847.153,1
74023.19685098006,5948.208,5535.5684,-251.034,6178.997,4244.6914,4850.8438,1
74023.20018442026,-6895.935,-6710.49,-1462.2776,-8187.4443,-6553.971,-6569.786,1
74023.20351786047,-9715.786,-9388.07,-44.24565,-11856.931,-8320.84,-8785.122,1
74023.20685130067,-3712.9329,-3523.9185,3447.3215,-5620.2676,-2879.1519,-3139.0017,1
74023.21018474086,6391.9165,6022.3115,1464.9374,5712.938,5091.3467,5561.1875,1
74023.21351818106,5974.7925,5685.8867,-406.049,5719.117,4312.573,4819.205,1
74023.21685162126,-7616.929,-7551.5366,-2329.605,-8672.14,-7389.815,-7425.7534,1
74023.22018506147,-9382.904,-9083.337,-44.24565,-10415.042,-8102.4307,-8491.056,1
74023.22351850166,-4792.4995,-4692.615,1863.6329,-5041.2974,-4045.6938,-4269.329,1
74023.22685194186,6646.9,6170.1973,1258.3408,7971.0264,5183.4067,5712.4688,1
74023.23018538205,5711.968,5290.177,-687.484,7532.169,3843.2466,4488.9585,1
74023.23351882226,-8107.987,-7812.993,-3224.6956,-7236.1533,-7784.938,-7871.1772,1
74023.23685226246,-9504.771,-9139.425,-44.24565,-9085.865,-8254.719,-8587.78,1
74023.24018570266,-4894.755,-4781.2983,1654.4984,-4379.8276,-4105.819,-4336.3423,1
74023.24351914285,7006.1646,6686.809,1533.4385,8566.006,5812.0396,6168.9917,1
74023.24685258305,6172.618,5907.095,-615.846,7702.7305,4681.1113,5081.9507,1
74023.25018602326,-7575.8223,-7396.1387,-2398.2063,-7281.6606,-7085.7266,-7198.9595,1
74023.25351946345,-9439.936,-9049.145,-44.24565,-9811.307,-7990.2344,-8372.171,1
74023.25685290365,-3755.9282,-3491.9995,2954.9954,-4011.3552,-2857.5178,-3041.1672,1
74023.26018634385,6266.902,5865.9414,1411.5486,6935.923,4989.3564,5593.513,1
74023.26351978404,5803.741,5549.4185,-66.521,6427.9604,4329.275,4815.855,1
74023.26685322425,-7462.583,-7174.492,-1980.7567,-8302.606,-7009.2563,-6992.76,1
74023.27018666445,-9813.94,-9306.488,-44.24565,-11284.372,-8294.811,-8661.146,1
74023.27352010465,-4173.7915,-3861.0464,3029.666,-5587.435,-3156.5364,-3396.942,1
74023.27685354484,6126.671,5830.0977,1394.4952,5813.665,4970.3384,5445.526,1
74023.28018698505,5398.671,5103.4946,-552.636,5414.552,3881.4563,4399.813,1
74023.28352042525,-8128.7134,-7787.8696,-2384.5461,-8937.838,-7574.1865,-7744.6694,1
74023.28685386544,-9379.603,-9064.142,-44.24565,-10389.262,-8118.886,-8437.153,1
74023.29018730564,-5753.8022,-5540.248,1025.401,-6085.262,-4899.6865,-5142.0356,1
74023.29352074584,5954.0234,5554.5244,1201.9631,7208.4272,4751.113,5181.995,1
74023.29685418605,5533.9297,5241.7524,-810.292,7479.8066,4010.6533,4494.917,1
74023.30018762624,-8539.289,-8209.764,-3166.5095,-7310.447,-7927.5796,-8114.2744,1
74023.30352106644,-9113.057,-8650.232,-44.24565,-8305.866,-7551.621,-8085.2915,1
74023.30685450663,-4815.5146,-4545.9365,1733.1157,-3803.5188,-3756.124,-4085.359,1
74023.31018794684,7069.35,6808.0103,1450.6093,9125.014,6067.474,6327.175,1
74023.31352138704,6206.569,5876.139,44.247,8111.3174,4730.856,5175.4717,1
74023.31685482724,-6360.2373,-6283.7427,-686.9541,-5733.4355,-6008.042,-5938.1665,1
74023.32018826743,-9556.399,-9282.194,-44.24565,-9823.298,-8171.2446,-8617.726,1
74023.32352170763,-4276.838,-4187.5205,2656.0156,-4821.327,-3352.6074,-3651.1677,1
74023.32685514784,6543.9536,5997.9126,1586.2443,6754.5625,5167.973,5721.6807,1
74023.33018858804,5793.496,5274.6797,-405.146,5902.5796,4095.9648,4689.545,1
74023.33352202823,-7800.6426,-7786.2676,-2058.5142,-8993.196,-7562.579,-7440.961,1
74023.33685546843,-9596.922,-9394.369,-44.24565,-11287.37,-8326.524,-8651.863,1
74023.34018890864,-5208.4805,-5109.2783,1570.9229,-6670.5854,-4418.343,-4665.201,1
74023.34352234883,6256.649,5880.7124,1208.8378,6000.888,5022.9595,5415.937,1
74023.34685578903,5754.523,5337.4277,-387.688,5969.7993,4021.2722,4695.0244,1
74023.35018922923,-7704.4497,-7549.74,-2326.174,-8467.494,-7430.6313,-7307.4434,1
74023.35352266942,-9653.353,-9334.683,-44.24565,-10644.065,-8346.2705,-8694.087,1
74023.35685610963,-5714.9014,-5587.2437,983.51135,-6339.2173,-4948.262,-5125.0244,1
74023.36018954983,6333.1104,5866.4307,1103.9453,7009.351,5047.866,5505.072,1
74023.36352299002,5757.1104,5400.7026,-645.043,6856.6626,4052.935,4712.87,1
74023.36685643022,-7841.982,-7541.4766,-2481.1687,-7696.2114,-7360.5576,-7451.529,1
74023.37018987043,-8973.181,-8653.231,-44.24565,-9209.07,-7583.3354,-8039.774,1
74023.37352331063,-5146.9326,-5020.2104,1273.5522,-5106.3384,-4324.5713,-4650.6216,1
74023.37685675082,6577.926,6034.7905,1365.9031,7841.7617,5122.5605,5673.911,1
74023.38019019102,5968.8477,5488.822,-493.038,7590.5195,4166.943,4835.5283,1
74023.38352363122,-7646.827,-7527.4224,-2265.1309,-6967.1484,-7291.9297,-7360.973,1
74023.38685707143,-9353.488,-9065.941,-44.24565,-9120.938,-8021.35,-8453.923,1
74023.39019051162,-4890.316,-4838.284,1806.2036,-4656.7656,-4096.331,-4387.412,1
74023.39352395182,6485.7217,5945.7764,1120.0333,7585.096,5215.3906,5594.5464,1
74023.39685739201,5745.675,5382.6694,-655.578,6686.95,4220.119,4678.079,1
74023.40019083221,-7904.015,-7690.55,-2380.8518,-8336.685,-7403.3193,-7564.0273,1
74023.40352427242,-9507.473,-9171.519,-44.24565,-10564.027,-8077.897,-8528.188,1
74023.40685771262,-5058.4336,-4861.8774,1881.3032,-6112.767,-4191.9316,-4415.2197,1
74023.41019115281,6399.8745,6006.611,1532.0077,6244.0557,5114.418,5637.8325,1
74023.41352459301,5538.5024,5314.0435,-893.067,5259.378,4070.5923,4512.46,1
74023.41685803322,-8703.738,-8471.12,-2907.618,-9977.718,-8187.2925,-8319.538,1
74023.42019147341,-9350.487,-8975.961,-44.24565,-10739.392,-7877.14,-8308.985,1
74023.42352491361,-6290.7085,-6059.6543,442.28204,-7047.062,-5328.144,-5693.295,1
74023.42686,6881.2886,6588.473,1156.8105,7648.2744,5746.9453,6028.368,1
74023.43019,6257.8647,6017.471,-615.846,7501.8853,4828.313,5146.0347,1
74023.43352523421,-7632.6406,-7427.9917,-2235.894,-7476.167,-7209.935,-7361.2925,1
74023.43685867441,-8950.668,-8733.313,-44.24565,-9134.428,-7697.626,-8160.7544,1
74023.44019,-4886.2373,-4797.5986,1319.117,-4614.2075,-4235.8765,-4474.648,1
74023.44353,6780.8633,6332.0596,1269.7588,8322.931,5440.957,5784.1606,1
74023.44685899501,5982.682,5607.03,-483.406,7581.266,4305.825,4709.207,1
74023.45019243521,-7470.79,-7290.8936,-2148.9382,-7102.136,-7098.9453,-7275.068,1
74023.45353,-9365.495,-8943.268,-44.24565,-9629.646,-7925.31,-8434.158,1
74023.45686,-4362.6807,-4170.584,2144.4497,-4679.215,-3486.439,-3812.4773,1
74023.46019,6872.6333,6569.8877,1361.5071,7290.849,5631.7183,6019.64,1
74023.46353,6051.5674,5814.256,-322.07,6503.357,4489.002,4969.663,1
74023.46686,-7260.8926,-7038.1304,-1605.5132,-8063.8623,-6925.5776,-6865.183,1
74023.47019,-9209.71,-8793.301,-44.24565,-10515.165,-7817.9004,-8241.009,1
74023.47353,-5272.8486,-4982.493,1544.8239,-6165.2285,-4316.256,-4658.3047,1
74023.47686,6506.918,6193.023,1282.8125,7135.099,5327.192,5764.29,1
74023.48019,5226.6636,4971.1763,-989.688,6261.1113,3794.457,4245.7476,1
74023.48353,-8349.591,-8031.475,-3059.0154,-8258.609,-7838.5356,-8006.6904,1
74023.48686,-8948.567,-8450.476,-44.24565,-9167.702,-7441.2197,-8007.4326,1
74023.49019371759,-5690.997,-5434.53,693.24695,-5513.326,-4737.2275,-5160.338,1
74023.49353,6564.32,6148.857,1272.6672,8005.4478,5255.136,5655.5073,1
74023.49686,5933.4614,5639.2344,-1129.653,7613.0967,4272.021,4809.805,1
74023.50019403819,-8274.926,-7990.0464,-2741.8796,-7853.1187,-7959.377,-8000.4526,1
74023.50352747839,-8488.416,-8026.9683,-44.24565,-8741.431,-7096.8516,-7657.967,1
74023.50686,-5136.034,-4947.757,1191.0414,-5418.389,-4371.798,-4709.909,1
74023.51019,7633.193,7134.5103,1472.7012,8302.945,6268.522,6544.8286,1
74023.51352779899,6596.974,6194.3354,-643.237,7467.3,4856.5713,5313.2905,1
74023.51686123919,-7198.9697,-7054.0576,-1991.7863,-7398.324,-6841.4756,-6993.681,1
74023.52019467938,-8888.534,-8690.423,-44.24565,-9755.55,-7649.756,-8086.4893,1
74023.52353,-4606.1797,-4612.451,1645.0281,-5433.0283,-3869.607,-4150.673,1
74023.52686155979,6837.974,6280.1895,1252.6218,7158.902,5365.383,5985.8867,1
74023.53019499998,6282.202,5825.027,-499.058,6727.76,4560.043,5234.0747,1
74023.53352844018,-7774.7515,-7706.035,-2136.5544,-8364.594,-7320.5215,-7321.8,1
74023.53686188038,-9184.196,-8854.487,-44.24565,-10256.164,-7729.6396,-8117.0337,1
74023.54019532059,-5675.2593,-5554.3906,1042.5042,-6552.9077,-4856.769,-5032.6646,1
74023.54352876078,6577.511,6101.2817,1056.5236,6922.3745,5263.676,5781.639,1
74023.54686220098,6126.0303,5750.667,-746.48,6976.7554,4532.2266,5148.958,1
74023.55019564118,-7721.9077,-7536.2324,-2471.9368,-7746.8447,-7297.812,-7333.4375,1
74023.55352908139,-9059.928,-8918.674,-44.24565,-9299.9,-7875.6445,-8169.1396,1
74023.55686252158,-5179.126,-5186.3364,830.1769,-5071.362,-4615.3525,-4708.168,1
74023.56019596178,6756.911,6186.8037,1042.9519,8223.8125,5258.78,5826.886,1
74023.56352940197,6011.536,5529.013,-577.619,7724.1704,4314.5337,4852.4634,1
74023.56686284217,-7507.4814,-7376.1973,-2385.3196,-6873.1875,-7152.5615,-7246.273,1
74023.57019628238,-8893.037,-8624.737,-44.24565,-8865.835,-7556.7075,-7931.3706,1
74023.57352972258,-5309.1025,-5206.7393,909.5746,-5265.921,-4496.8857,-4711.4727,1
74023.57686316277,6730.719,6278.867,1178.4531,7535.27,5426.8076,5882.9956,1
74023.58019660297,6090.2437,5664.6655,-554.442,6784.1895,4487.007,5004.4067,1
74023.58353004318,-7275.016,-7162.354,-1817.2327,-7923.2627,-6888.4185,-6935.1055,1
74023.58686348338,-9112.757,-8857.187,-44.24565,-10308.324,-7918.1294,-8094.5747,1
74023.59019692357,-3849.3525,-3870.5586,2890.7954,-5036.8003,-3239.2986,-3249.5903,1
74023.59353036377,6688.898,6270.943,1176.7955,6276.3945,5402.958,5856.461,1
74023.59686380396,6158.1826,5799.1143,-193.543,5861.1772,4642.362,5194.615,1
74023.60019724417,-7552.4766,-7346.8696,-1562.5209,-8882.242,-7201.555,-7126.704,1
74023.60353068437,-9184.796,-8759.108,-44.24565,-10759.477,-7661.125,-8048.758,1
74023.60686412457,-4841.569,-4539.7266,1557.8473,-5826.2563,-3850.6404,-4186.0747,1
74023.61019756476,6821.6055,6563.5894,1454.6981,7420.05,5727.7583,6099.8945,1
74023.61353100497,5780.1323,5531.6587,-677.551,6902.6943,4306.154,4745.045,1
74023.61686444517,-7893.135,-7575.58,-1886.9089,-7407.591,-7458.509,-7483.3364,1
74023.62019788536,-9301.86,-8911.774,-44.24565,-8819.371,-7994.1235,-8395.528,1
74023.62353132556,-5285.5527,-5069.712,1123.6313,-4240.966,-4489.357,-4701.3823,1
74023.62686476576,6808.8047,6456.4,1040.1984,9066.111,5473.223,5953.791,1
74023.63019820597,6149.025,5699.993,-572.803,8446.334,4491.9824,4969.2764,1
74023.63353164616,-7676.4746,-7558.641,-2419.9658,-6681.1787,-7347.0884,-7460.3413,1
74023.63686508636,-9036.516,-8831.992,-44.24565,-8634.413,-7756.2676,-8158.0596,1
74023.64019852655,-5695.1997,-5670.578,360.93542,-5395.217,-4902.68,-5246.2817,1
74023.64353196677,6823.336,6269.6987,1059.8755,7945.157,5434.8955,5940.544,1
74023.64686540696,6361.8037,5829.5166,-586.348,7240.6074,4592.7285,5236.3223,1
74023.65019884716,-7299.261,-7189.127,-1805.5076,-7876.084,-6943.7246,-6945.0723,1
74023.65353228735,-9143.374,-8866.484,-44.24565,-10571.521,-7682.966,-8277.842,1
74023.65686572755,-2951.4353,-2856.64,3428.3699,-4387.218,-2114.9055,-2411.7898,1
74023.66019916776,6888.542,6462.511,1221.271,6352.8716,5692.155,6088.216,1
74023.66353260796,6177.064,5841.2026,-420.196,5697.476,4721.182,5148.2354,1
74023.66686604815,-7266.7485,-7031.54,-1788.5732,-8917.642,-6685.616,-6836.194,1
74023.67019948835,-9102.552,-8726.715,-44.24565,-10912.358,-7603.68,-8125.119,1
74023.67353292854,-4038.9675,-3939.4304,2630.2434,-5418.5757,-3162.5142,-3542.8943,1
74023.67686636875,6693.435,6294.248,1301.5771,6814.516,5359.455,5846.255,1
74023.68019980895,5802.3896,5451.934,-661.297,6453.4067,4188.0713,4734.6475,1
74023.68353324915,-8024.3047,-7739.125,-2103.4385,-8066.323,-7558.1865,-7621.338,1
74023.68686668934,-9172.189,-8824.194,-44.24565,-9368.248,-7767.936,-8203.577,1
74023.69020012955,-5748.903,-5514.579,422.70514,-5096.0093,-4895.7427,-5244.1377,1
74023.69353356975,6814.7017,6319.4424,1257.5286,9091.5625,5516.53,5965.738,1
74023.69686700994,6161.972,5732.7065,-990.591,8786.962,4486.7783,4949.167,1
74023.70020045014,-7803.5376,-7747.3364,-2154.742,-6120.007,-7509.7,-7602.801,1
74023.70353389034,-8813.794,-8640.634,-44.24565,-7766.8813,-7588.4214,-8012.8228,1
74023.70686733055,-4377.7036,-4454.5894,1835.5305,-3363.9768,-3836.379,-3975.5745,1
74023.71020077074,7249.9395,6622.976,1217.6752,8982.446,5691.257,6202.9077,1
74023.71353421094,6373.25,5909.8154,-355.782,7598.575,4670.408,5126.705,1
74023.71686765114,-6788.8433,-6746.2153,-1317.0115,-7351.913,-6424.1216,-6608.405,1
74023.72020109135,-9096.248,-8894.079,-44.24565,-10877.286,-7706.901,-8199.983,1
74023.72353453154,-3885.5662,-3882.5857,2653.574,-6006.3813,-3097.6543,-3392.4448,1
74023.72686797174,7019.712,6493.1025,1365.3998,5625.03,5746.3047,6122.3506,1
74023.73020141193,5925.763,5501.265,-875.308,4541.8037,4443.7896,4811.708,1
74023.73353485213,-8443.141,-8256.597,-2384.9397,-10790.61,-7840.7104,-8070.5874,1
74023.73686829234,-9553.397,-9403.667,-44.24565,-12114.732,-8337.894,-8676.719,1
74023.74020173254,-5550.077,-5468.3433,834.8259,-7415.7954,-4778.1963,-5061.521,1
74023.74353517273,6466.211,5986.8154,1119.3901,6591.188,5217.938,5609.6836,1
74023.74686861293,5631.4443,5254.683,-716.079,6786.8257,4057.2952,4528.0405,1
74023.75020205314,-7863.268,-7743.4863,-2102.343,-6922.658,-7416.792,-7528.366,1
74023.75353549334,-9300.359,-8903.677,-44.24565,-7881.9927,-7809.8223,-8241.009,1
74023.75686893353,-4899.878,-4659.7676,1502.7288,-3001.6765,-4022.3372,-4243.593,1
74023.76020237373,6527.144,6052.2007,1196.6997,9714.183,5150.62,5732.1616,1
74023.76353581392,5494.5327,5065.13,-1053.5,8577.766,3901.4827,4440.9653,1
74023.76686925413,-8089.5117,-8006.0234,-2242.0632,-6539.09,-7786.4277,-7730.982,1
74023.77020269433,-9080.939,-8790.302,-44.24565,-8526.796,-7780.502,-8069.4204,1
74023.77353613453,-5550.405,-5488.8564,926.88837,-5386.541,-4786.984,-5018.4053,1
74023.77686957472,6802.995,6261.855,1164.6372,7248.282,5427.9697,5883.6865,1
74023.78020301492,5647.6978,5282.003,-1132.362,5676.5776,4019.488,4595.081,1
74023.78353645513,-8195.648,-8056.3403,-2628.9004,-9665.945,-7802.0737,-7810.0693,1
74023.78686989532,-8671.815,-8341,-44.24565,-10900.068,-7343.983,-7728.938,1
74023.79020333552,-4655.081,-4542.8853,1562.0231,-6781.525,-3867.9011,-4072.6013,1
74023.79353677572,6511.5356,5991.314,1136.1704,5563.5796,5096.7656,5707.0073,1
74023.79687021593,5642.448,5229.741,-644.742,4887.781,3990.107,4709.8774,1
74023.80020365612,-8316.396,-8037.901,-2186.7937,-9776.854,-7864.329,-7687.8774,1
74023.80353709632,-9746.703,-9225.807,-44.24565,-11243.004,-8182.3145,-8523.696,1
74023.80687053651,-6288.2446,-6005.2036,446.1642,-7244.6753,-5348.302,-5566.2544,1
74023.81020397671,6128.383,5802.9067,956.6771,6760.062,4921.0264,5393.5996,1
74023.81353741692,5628.69,5361.6924,-735.042,6874.281,4094.5798,4678.5703,1
74023.81687085712,-8363.054,-8145.0625,-2188.0193,-7633.256,-7841.5244,-7924.436,1
74023.82020429731,-9368.797,-8956.165,-44.24565,-8714.451,-7942.663,-8322.761,1
74023.82353773751,-6132.8315,-5882.457,331.6525,-4929.0806,-5268.172,-5519.7617,1
74023.82687117772,6568.547,6135.557,1060.027,8963.531,5126.6416,5773.749,1
74023.83020461792,5302.302,5040.5913,-1207.01,7800.436,3666.892,4372.2017,1
74023.83353805811,-8900.199,-8559.1455,-2972.8464,-7671.6475,-8386.741,-8410.123,1
74023.83687149831,-9238.826,-8793.9,-44.24565,-8629.018,-7790.0757,-8167.9414,1
74023.8402,-6672.566,-6428.0674,-218.36668,-6210.448,-5833.788,-6009.433,1
74023.84353837871,7024.491,6663.7876,883.2696,8159.1167,5775.1216,6202.397,1
74023.84687181891,6021.9336,5731.5176,-1157.044,6795.8145,4567.4565,5021.381,1
74023.85021,-7824.004,-7672.888,-2113.2502,-8599.463,-7328.912,-7438.7104,1
74023.85354,-9142.173,-8979.26,-44.24565,-10960.621,-7791.871,-8169.439,1
74023.85687213951,-2605.1748,-2718.5037,3659.0332,-4494.756,-1998.2949,-2074.1204,1
74023.86020557971,6770.2773,6083.994,1114.8954,5695.778,5222.725,5936.092,1
74023.86354,6129.7886,5684.0635,-582.134,5181.8105,4591.258,5168.6665,1
74023.86687,-7992.628,-7852.7314,-1869.0836,-10012.504,-7523.631,-7482.4844,1
74023.87021,-9344.483,-9062.642,-44.24565,-11615.617,-7902.2725,-8280.837,1
74023.87353934051,-5375.8525,-5147.383,1214.1626,-7083.476,-4414.297,-4644.528,1
74023.87687,6783.184,6450.214,1161.6407,6725.485,5624.5376,6054.976,1
74023.88021,5748.344,5483.324,-775.075,6318.945,4388.144,4817.0137,1
74023.88354,-7931.748,-7717.394,-2046.3335,-7874.0146,-7406.8657,-7509.4443,1
74023.88687,-9499.668,-9201.812,-44.24565,-9330.478,-8120.681,-8447.634,1
74023.89021,-5451.889,-5306.335,705.73224,-4607.8076,-4708.4106,-4892.2646,1
74023.89354,6584.5986,6133.2573,958.19196,8834.399,5286.368,5625.228,1
74023.89687,5567.0005,5231.9736,-1115.506,8182.7163,3986.08,4429.568,1
74023.90020686209,-8333.904,-8129.836,-2768.4133,-6773.2803,-7785.161,-8056.809,1
74023.90354,-8829.702,-8415.384,-44.24565,-7891.2856,-7415.1904,-7928.975,1
74023.90687,-4687.5845,-4489.3374,1087.9966,-3878.0571,-3797.6838,-4249.859,1
74023.91021,7076.1445,6655.0693,1121.4877,8677.281,5772.0386,6201.4106,1
74023.91354062289,6431.645,6134.044,-729.323,7585.0566,4959.873,5373.938,1
74023.91687406308,-7430.5303,-7235.6577,-1669.4381,-7724.4014,-7119.508,-7091.7305,1
74023.92021,-9230.121,-9063.542,-44.24565,-10439.323,-7994.722,-8372.7705,1
74023.92354094349,-3490.4285,-3412.3198,2794.3333,-5032.441,-2699.8088,-3009.7383,1
74023.92687438369,6460.808,5952.9224,1108.9023,5652.0117,5117.111,5510.5635,1
74023.93020782388,5549.63,5162.2217,-993.3,4491.26,3982.0276,4443.969,1
74023.93354,-8610.56,-8395.673,-2537.3425,-10889.726,-8162.1807,-8200.715,1
74023.93687470429,-9282.05,-8851.488,-44.24565,-11938.169,-7770.3296,-8273.351,1
74023.94020814449,-4806.2676,-4637.76,1532.0988,-7129.2734,-3921.197,-4189.856,1
74023.94354158468,6468.0117,6092.392,1053.7668,5610.6436,5164.383,5661.1904,1
74023.94687502488,5321.2603,4995.828,-973.434,5179.311,3793.9563,4362.619,1
74023.95020846509,-8341.555,-8058.008,-2194.6792,-9026.291,-7905.5474,-7829.0728,1
74023.95354190528,-9267.342,-8825.693,-44.24565,-9640.738,-7720.963,-8206.571,1
74023.95687534548,-5135.8545,-4868.6655,1230.0851,-4618.5435,-4217.863,-4527.5205,1
74023.96020878568,6775.9805,6405.8237,1032.7914,8980.647,5548.244,5877.0986,1
74023.96354222589,5998.919,5666.204,-797.65,8684.93,4461.0107,4859.72,1
74023.96687566608,-7125.254,-6922.9795,-1442.9586,-5076.5117,-6663.325,-6847.866,1
74023.97020910628,-8573.062,-8241.121,-44.24565,-6850.1875,-7233.5815,-7714.8633,1
74023.97354254648,-3218.697,-3121.6084,2620.529,-1258.7943,-2477.8354,-2834.2236,1
74023.97687598667,6789.1875,6222.5635,1094.2195,9504.944,5210.7573,5810.619,1
74023.98020942688,5881.3823,5419.573,-1075.774,8188.574,4091.6338,4649.2734,1
74023.98354286708,-7977.309,-7747.6895,-2189.9482,-7420.5127,-7506.4097,-7584.1465,1
74023.98687630727,-9251.433,-8928.271,-44.24565,-9851.775,-7811.3184,-8235.319,1
74023.99020974747,-3937.4211,-3763.4702,2483.7473,-5108.0386,-3000.1042,-3211.2725,1
74023.99354318768,6728.2544,6266.654,1063.9548,5733.549,5520.4194,5967.834,1
74023.99687662788,5403.7104,5138.4756,-1007.748,3833.807,4127.0483,4526.5454,1
74024.00021006807,-8311.015,-8113.511,-1925.533,-11326.99,-7692.639,-7779.849,1
74024.00354350827,-9178.192,-8831.992,-44.24565,-12806.899,-7610.861,-8137.6963,1
74024.00687694846,-3682.8352,-3644.9363,2642.038,-6834.04,-2980.8547,-3102.4832,1
74024.01021038867,6891.243,6265.7544,1084.0314,5469.452,5459.0854,5992.0903,1
74024.01354382887,6052.64,5596.423,-260.064,5678.346,4566.865,5031.3696,1
74024.01687726907,-7126.4443,-7006.5347,-1158.5469,-7660.0947,-6574.485,-6671.092,1
74024.02021070926,-9086.643,-8865.885,-44.24565,-9089.463,-7612.0576,-8146.081,1
74024.02354414947,-3288.7256,-3124.3923,2710.719,-2309.3494,-2376.4004,-2762.9998,1
74024.02687758967,6823.7065,6465.8105,946.19257,9683.007,5623.64,6033.415,1
74024.03021102987,6059.6016,5834.5,-1212.127,9212.927,4736.168,5047.75,1
74024.03354447006,-7673.516,-7380.918,-1888.3429,-5581.232,-7140.7925,-7265.7295,1
74024.03687791026,-8811.393,-8497.865,-44.24565,-7205.414,-7535.764,-7852.314,1
74024.04021135047,-3555.0103,-3447.5024,2509.4495,-1970.9368,-2897.2817,-3085.1082,1
74024.04354479066,6945.273,6493.7046,1088.5261,9268.126,5585.0444,6031.6187,1
74024.04687823086,5791.2246,5472.606,-1006.845,7613.899,4221.897,4717.903,1
74024.05021167106,-7908.0156,-7740.847,-2122.5986,-7827.6646,-7422.134,-7501.8774,1
74024.05354511125,-9020.906,-8689.823,-44.24565,-10043.628,-7579.446,-8037.3784,1
74024.05687855146,-3354.6265,-3279.5857,2510.472,-4595.489,-2502.9639,-2819.3472,1
74024.06021199166,6723.1514,6305.3457,941.9975,6247.653,5487.8076,5879.195,1
74024.06354543185,5915.5503,5688.715,-878.017,5340.6772,4575.7163,4937.167,1
74024.06687887205,-7874.446,-7698.97,-1669.0513,-9647.808,-7381.9937,-7437.1196,1
74024.07021231226,-9260.738,-8933.97,-44.24565,-11468.73,-7821.79,-8269.457,1
74024.07354575246,-2767.8455,-2622.4187,3706.8923,-4666.3545,-1897.9751,-2164.5674,1
74024.07687919265,6652.3125,6198.269,1030.0945,6113.0566,5365.439,5758.2144,1
74024.08021263285,5691.2817,5287.3438,-894.572,5584.022,4159.443,4567.8516,1
74024.08354607304,-8127.8335,-8000.8804,-2046.4165,-8863.495,-7682.1455,-7878.9844,1
74024.08687951326,-8762.466,-8431.58,-44.24565,-9352.96,-7384.3735,-7924.4834,1
74024.09021295345,-4820.8965,-4625.123,1090.5594,-4592.749,-4011.7925,-4431.6123,1
74024.09354639365,6830.31,6371.631,1068.4496,8675.183,5401.0425,5805.5283,1
74024.09687983384,5554.5723,5180.5303,-1159.151,7746.0737,3798.225,4364.362,1
74024.10021327405,-8261.948,-8071.0728,-2372.2263,-6835.6133,-7868.1665,-7968.369,1
74024.10354671425,-9048.521,-8707.22,-44.24565,-7947.942,-7605.4756,-8173.032,1
74024.10688015445,-5200.353,-4990.806,877.1292,-3988.487,-4380.502,-4756.0146,1
74024.11021359464,6917.958,6501.8027,1095.1184,9099.057,5610.775,5983.406,1
74024.11354703484,5868.613,5584.712,-1026.41,7728.031,4333.3774,4757.0312,1
74024.11688047505,-7657.6313,-7441.6694,-1761.8579,-7381.995,-7163.1797,-7332.941,1
74024.12021391524,-8746.257,-8456.175,-44.24565,-9412.314,-7383.476,-7887.9497,1
74024.12354735544,-2547.5942,-2540.1077,3372.4858,-3579.336,-1872.4462,-2174.5327,1
74024.12688079564,6926.963,6322.142,936.00446,6666.73,5389.6733,5892.371,1
74024.13021423585,5860.1265,5408.1953,-731.43,5367.956,4136.189,4725.304,1
74024.13354767604,-7399.385,-7229.533,-1570.855,-9328.414,-6910.5806,-7076.2466,1
74024.13688111624,-8971.9795,-8632.836,-44.24565,-11339.2295,-7505.2466,-8012.8228,1
74024.14021455644,-3534.707,-3342.115,2371.9917,-5495.3545,-2571.244,-3001.594,1
74024.14354799663,6656.215,6199.4688,882.0675,6028.5215,5369.328,5747.434,1
74024.14688143684,5104.896,5001.752,-1926.701,5039.3174,3810.3655,4147.8125,1
74024.15021487704,-8263.535,-7948.4575,-2551.512,-9150.384,-7597.7393,-7891.134,1
74024.15354831723,-8880.43,-8438.179,-44.24565,-9701.591,-7253.6274,-7882.559,1
74024.15688175743,-3449.7476,-3404.319,2770.3184,-3651.4705,-2750.3274,-2989.9802,1
74024.16021519763,6893.344,6419.321,969.26556,8263.3,5407.325,5914.2314,1
74024.16354863784,4987.93,4701.5596,-1999.543,6823.245,3506.5483,3880.9224,1
74024.16688207803,-9057.08,-8834.847,-3306.6978,-7913.659,-8555.563,-8739.361,1
74024.17021551823,-8893.337,-8514.062,-44.24565,-8041.4697,-7431.3467,-7957.723,1
74024.17354895842,-4390.0137,-4191.3335,1408.9385,-3153.0864,-3554.8992,-3889.891,1
74024.17688239863,7232.53,6877.6206,1014.213,9586.481,5975.787,6331.075,1
74024.18021583883,6050.3965,5696.906,-851.83,8413.118,4505.564,4984.9146,1
74024.18354927903,-7563.5845,-7271.95,-1709.3359,-6508.9116,-6909.961,-7093.709,1
74024.18688271922,-8710.237,-8468.771,-44.24565,-8618.825,-7402.325,-7770.5625,1
74024.19021615942,-3001.6501,-2990.553,2971.121,-3181.345,-2276.8635,-2527.3625,1
74024.19354959963,7036.523,6504.802,1088.5261,7512.079,5668.5186,6035.811,1
74024.19688303983,5985.7085,5557.7583,-1014.972,6092.8374,4484.537,4871.7817,1
74024.20021648002,-8043.686,-7838.0522,-1915.3767,-9341.162,-7502.814,-7696.339,1
74024.20354992022,-8738.152,-8394.6875,-44.24565,-10734.296,-7189.302,-7804.7007,1
74024.20688336043,-5342.401,-5153.873,520.7057,-7299.951,-4438.3545,-4840.3667,1
74024.21021680062,7287.1597,6856.0254,1048.9724,6415.2236,6070.6304,6390.667,1
74024.21355024082,5696.4985,5380.955,-1393.931,4969.252,4250.6855,4676.989,1
74024.21688368102,-8365.205,-8176.134,-2488.0776,-9954.255,-7916.0903,-7911.429,1
74024.22021712121,-8878.028,-8513.162,-44.24565,-10588.309,-7508.5376,-7893.639,1
74024.22355056142,-4399.7847,-4246.485,1621.9778,-5422.7554,-3580.2356,-3893.326,1
74024.22688400162,7161.991,6814.034,997.7323,7788.466,5873.763,6276.574,1
74024.23021744181,5604.818,5331.9824,-1332.828,6941.083,4111.6304,4525.4775,1
74024.23355088201,-8401.722,-8165.2344,-2675.9316,-7651.844,-7969.3267,-8083.8447,1
74024.23688432222,-8606.681,-8311.306,-44.24565,-7813.9453,-7360.4385,-7763.076,1
74024.24021776242,-4514.3896,-4486.7207,919.10876,-3214.5105,-3920.7021,-4193.217,1
74024.24355120261,7276.0396,6784.24,894.7444,10046.464,5873.382,6292.464,1
74024.24688464281,6282.9707,5780.903,-762.734,9168.001,4469.598,5071.016,1
74024.25022,-7164.936,-7055.245,-1671.2039,-5402.9067,-6853.39,-6863.2944,1
74024.25355152322,-8614.484,-8262.417,-44.24565,-7702.731,-7192.593,-7771.461,1
74024.25688496341,-2985.4272,-2953.0952,2505.4446,-2424.5803,-2279.97,-2645.7566,1
74024.26021840361,6872.6333,6356.6343,805.65686,7792.9624,5431.859,5784.5664,1
74024.26355,5510.988,5219.6616,-1289.183,5863.292,4023.9307,4448.7407,1
74024.26688528401,-8150.157,-7760.941,-2142.8555,-9539.624,-7533.1943,-7729.6724,1
74024.27021872421,-8758.563,-8320.304,-44.24565,-11073.035,-7249.439,-7822.668,1
74024.27355,-4843.0234,-4614.269,1203.9208,-7363.8623,-3955.5054,-4377.3877,1
74024.27689,6874.434,6379.7295,902.14404,5233.8335,5389.374,5888.7773,1
74024.28022,5525.567,5150.4604,-1011.36,4116.774,3914.003,4428.904,1
74024.28355248501,-7989.531,-7776.1567,-1912.8196,-10110.058,-7484.136,-7602.5107,1
74024.28689,-9154.78,-8776.505,-44.24565,-10997.493,-7678.478,-8254.186,1
74024.29022,-4770.449,-4685.2715,1282.6938,-5654.091,-4032.436,-4359.331,1
74024.29355,6677.226,6300.5464,954.8824,7878.097,5340.3066,5752.225,1
74024.29689,5546.8926,5239.0415,-898.184,7668.002,4011.0225,4601.672,1
74024.30022,-7950.918,-7646.941,-2083.3108,-6268.834,-7410.4204,-7482.973,1
74024.30355,-8873.826,-8486.468,-44.24565,-7142.4624,-7451.3926,-7875.971,1
74024.30689,-4223.204,-4057.2021,1644.4014,-2041.9785,-3586.0898,-3682.6086,1
74024.31022000659,6941.671,6521.598,997.133,10076.304,5368.4307,6036.1104,1
74024.31355,5673.764,5418.143,-717.283,8618.11,4089.3013,4693.035,1
74024.31689,-7640.2026,-7351.5815,-1578.2562,-6396.484,-7154.4106,-7228.44,1
74024.32022,-9303.661,-8886.88,-44.24565,-9079.2705,-7786.7847,-8264.366,1
74024.32355376739,-4622.028,-4435.6816,1489.45,-4895.184,-3853.4128,-4101.928,1
74024.32688720759,6766.6753,6481.707,900.3461,7024.0547,5498.5786,5925.0117,1
74024.33022,5350.1685,5175.5757,-1372.56,5036.1875,3988.424,4447.415,1
74024.33355408799,-8596.037,-8195.471,-2138.0242,-10372.155,-7868.7266,-7966.0293,1
74024.33688752819,-9668.961,-9237.204,-44.24565,-12144.409,-8212.533,-8485.665,1
74024.34022096838,-3743.2253,-3542.0183,2406.1484,-5949.694,-2871.517,-3049.2097,1
74024.34355,6181.055,5882.138,736.4378,5119.022,5018.0786,5439.5923,1
74024.34688784879,4708.1753,4519.91,-1459.85,4093.057,3420.335,3845.0593,1
74024.35022128899,-8925.441,-8604.388,-2615.2239,-10289.43,-8335.588,-8451.844,1
74024.35355472918,-9432.731,-8992.457,-44.24565,-10629.977,-7941.167,-8403.913,1
74024.35688816938,-4229.147,-3946.718,1935.9006,-4588.1587,-3422.3948,-3683.2744,1
74024.36022160959,6363.255,5911.232,871.5798,7944.6455,5006.111,5460.255,1
74024.36355504979,5296.773,5041,-1684.697,7277.7837,3754.675,4212.2383,1
74024.36688848998,-8706.119,-8450.8955,-2594.963,-7283.317,-8301.548,-8312.344,1
74024.37022193018,-8943.164,-8549.454,-44.24565,-7709.3257,-7613.8525,-7970.0005,1
74024.37355537039,-4269.903,-3989.9375,1662.1008,-2774.8691,-3374.3384,-3822.4749,1
74024.37688881058,6618.9946,6278.052,936.60376,9148.519,5357.6597,5742.0435,1
74024.38022225078,5913.1562,5739.1133,-875.308,8157.319,4551.1987,4927.8975,1
74024.38355569098,-8161.989,-7907.572,-1752.1018,-7557.7803,-7568.162,-7769.7,1
74024.38688913117,-8716.841,-8249.819,-44.24565,-9159.908,-7098.3477,-7763.9746,1
74024.39022257138,-4349.3433,-4114.2793,1617.6191,-5094.0312,-3316.372,-3857.9204,1
74024.39355601158,6929.6646,6515.8994,899.1476,6719.789,5761.2676,6043.5967,1
74024.39688945177,5464.825,5127.144,-1158.549,4900.668,3982.231,4391.915,1
74024.40022289197,-7855.8467,-7677.4717,-1459.7988,-9832.323,-7271.069,-7411.641,1
74024.40355633218,-9428.529,-9103.733,-44.24565,-11945.663,-7845.725,-8388.342,1
74024.40688977238,-2449.953,-2332.1619,4054.4292,-4448.4404,-1503.2928,-1853.9651,1
74024.41022321257,6369.258,6030.3057,824.8344,5916.1084,5148.2266,5547.9956,1
74024.41355665277,5556.2026,5251.8105,-680.26,5700.9087,4117.3486,4471.3276,1
74024.41689009297,-7555.9873,-7301.029,-1365.874,-7878.1655,-6966.8955,-7152.499,1
74024.42022353318,-9272.744,-8811.297,-44.24565,-9518.433,-7753.2754,-8314.975,1
74024.42355697337,-2848.193,-2642.557,3081.009,-2184.7085,-2029.5133,-2371.8237,1
74024.42689041357,6858.225,6481.707,742.1311,8927.889,5332.528,5905.8467,1
74024.43022385376,5598.449,5258.498,-1248.247,8003.5107,3937.4114,4448.9507,1
74024.43355729396,-8427.013,-8152.105,-2437.3936,-7052.1504,-7895.089,-8049.13,1
74024.43689073417,-8903.543,-8520.061,-44.24565,-8224.029,-7501.6562,-7979.2837,1
74024.44022417437,-3900.771,-3667.2354,1895.6981,-3304.7253,-3132.3325,-3386.3542,1
74024.44355761456,6762.173,6486.506,780.78595,8123.0083,5423.4814,5883.9863,1
74024.44689105476,5376.629,5195.0474,-1464.064,6305.6353,4054.5935,4399.931,1
74024.45022449497,-8068.888,-7623.067,-2041.0962,-8549.298,-7228.4824,-7553.731,1
74024.45355793517,-9330.076,-8874.583,-44.24565,-10537.048,-7741.308,-8265.864,1
74024.45689137536,-3538.8083,-3423.403,2566.0989,-4761.986,-2821.644,-2956.8782,1
74024.46022481556,6423.2876,6013.2095,686.6959,6330.0894,5068.0435,5607.288,1
74024.46355825575,5455.6553,5242.057,-893.669,5480.905,4090.3352,4527.1304,1
74024.46689169596,-8082.311,-7776.7637,-1688.8875,-9197.035,-7455.8706,-7542.8525,1
74024.47022513616,-9376.901,-8872.483,-44.24565,-10665.349,-7783.1943,-8330.247,1
74024.47355857636,-2732.7139,-2524.976,3563.6362,-3634.404,-1826.2876,-2140.1235,1
74024.47689201655,6094.908,5761.2646,685.4973,6627.7603,4826.896,5291.96,1
74024.48022545676,5014.1562,4978.655,-1418.914,5722.1694,3764.351,4078.5461,1
74024.48355889696,-8770.71,-8373.168,-2002.9164,-8955.098,-7998.3296,-8264.756,1
74024.48689233715,-9470.853,-9079.438,-44.24565,-10021.445,-7993.226,-8417.09,1
74024.49022577735,-3969.5764,-3788.93,2559.0837,-4190.958,-3165.2876,-3377.5852,1
74024.49355921755,6628.9,6363.833,863.48926,7669.4575,5458.487,5786.9624,1
74024.49689265776,5152.8604,4956.2783,-1300.621,6403.1294,3794.682,4160.9043,1
74024.50022609795,-8856.125,-8459.412,-2514.6472,-8526.204,-8197.212,-8438.617,1
74024.50355953815,-9219.915,-8732.714,-44.24565,-9250.438,-7814.011,-8232.624,1
74024.50689297834,-5414.0464,-5190.398,391.06464,-5104.4775,-4585.7983,-4948.1333,1
74024.51022641856,7301.568,7050.383,808.3537,8837.958,6061.954,6407.7363,1
74024.51355985875,6082.4106,5897.947,-997.213,7789.0034,4693.778,5088.6797,1
74024.51689329895,-7631.2646,-7469.5415,-1465.0966,-7112.131,-7180.2856,-7224.9697,1
74024.52022673914,-8935.96,-8596.544,-44.24565,-8948.871,-7571.0684,-8007.1333,1
74024.52356017934,-3216.637,-3008.7722,2820.955,-3247.7117,-2349.6143,-2727.6177,1
74024.52689361955,6584.1753,6108.2886,797.86597,7599.0117,5262.8164,5622.5605,1
74024.53022705975,5388.13,5074.326,-997.514,6216.7134,3923.0618,4415.4995,1
74024.53356049994,-8313.076,-8048.8403,-1891.6797,-8801.0625,-7734.8423,-7851.2573,1
74024.53689394014,-9174.291,-8774.705,-44.24565,-10452.513,-7636.8906,-8185.31,1
74024.54022738035,-4065.7725,-3925.314,1996.8672,-5445.6724,-3278.2996,-3652.8718,1
74024.54356082054,6703.6406,6272.9526,780.78595,6259.6436,5371.7217,5819.3037,1
74024.54689426074,5245.662,4831.7056,-1498.378,4798.256,3634.922,4183.5474,1
74024.55022770094,-8637.221,-8462.439,-2382.894,-10014.749,-8166.1104,-8183.714,1
74024.55356114113,-9321.671,-8990.357,-44.24565,-10843.112,-7996.517,-8427.57,1
74024.55689458134,-5148.1895,-5122.2812,961.324,-6149.222,-4445.506,-4731.5933,1
74024.56022802154,6586.5767,6126.885,704.0756,7104.9927,5194.9004,5600.401,1
74024.56356146173,4459.197,4141.015,-2159.675,5290.171,3072.9563,3487.214,1
74024.56689490193,-8832.061,-8492.453,-2703.071,-8679.122,-8145.598,-8361.9375,1
74024.57022834213,-8864.521,-8517.961,-44.24565,-8941.077,-7298.207,-7794.519,1
74024.57356178234,-3736.2576,-3582.107,2183.814,-3423.2417,-2970.7705,-3283.253,1
74024.57689522253,6884.3394,6341.338,754.71643,8338.842,5302.609,5946.2734,1
74024.58022866273,6033.0854,5566.343,-708.253,7592.3374,4346.9585,4962.293,1
74024.58356210293,-7348.394,-7296.083,-1167.7004,-6849.535,-6946.5117,-7055.3975,1
74024.58689554314,-8862.721,-8565.95,-44.24565,-8747.726,-7486.0986,-8017.6143,1
74024.59022898333,-3346.3765,-3346.5032,2523.4773,-3147.5476,-2672.8372,-2971.5469,1
74024.59356242353,6487.8228,5933.127,622.5709,7673.0547,5104.8438,5524.3384,1
74024.59689586372,5027.7,4757.65,-1405.67,6141.301,3694.7192,4142.0986,1
74024.60022930392,-8593.336,-8324.526,-2271.2551,-8763.139,-7899.596,-8020.1875,1
74024.60356274413,-9472.653,-9014.652,-44.24565,-10237.578,-7836.7495,-8348.813,1
74024.60689618433,-4892.196,-4721.5444,1349.1815,-5736.6655,-4006.6416,-4206.1763,1
74024.61022962452,6357.8516,5999.7124,714.26373,6304.309,5053.682,5638.1323,1
74024.61356306472,4255.4956,4114.244,-2011.884,4049.4314,3056.492,3465.812,1
74024.61689650493,-9286.185,-8906.85,-2696.2544,-10570.487,-8494.351,-8628.754,1
74024.62022994513,-9086.942,-8636.435,-44.24565,-10752.282,-7513.0254,-8028.095,1
74024.62356338532,-4498.1396,-4315.261,1725.7013,-5571.453,-3575.7822,-3906.0654,1
74024.62689682552,6993.599,6591.483,759.5108,7225.1997,5776.8257,6121.755,1
74024.63023026571,5543.3013,5278.9673,-1650.985,6124.41,4223.709,4614.282,1
74024.63356370592,-7684.0903,-7434.9414,-1783.8319,-7720.612,-6984.9175,-7210.921,1
74024.63689714612,-8333.23,-8075.258,-44.24565,-8335.843,-7009.4883,-7409.118,1
74024.64023058632,-1763.2795,-1733.1575,3960.8442,-912.5298,-1126.1321,-1254.1318,1
74024.64356402651,6911.6543,6453.813,575.82556,9265.129,5604.791,5973.524,1
74024.64689746672,5268.4746,5000.8687,-1498.378,7586.4087,3911.9724,4336.57,1
74024.65023090692,-8481.576,-8154.7505,-2339.7422,-7298.732,-7784.7495,-8008.4014,1
74024.65356434711,-9004.098,-8565.351,-44.24565,-8505.8125,-7410.7026,-7974.193,1
74024.65689778731,-4444.283,-4272.7563,1303.7441,-4064.7534,-3554.1191,-3897.9102,1
74024.66023,6752.2676,6310.7446,605.49084,7849.3193,5510.845,5852.5435,1
74024.66356466772,5183.992,4954.722,-1655.5,5793.1465,3919.106,4261.7983,1
74024.66689810791,-8634.859,-8445.177,-2155.4102,-9795.519,-8016.653,-8140.921,1
74024.67023154811,-9195.302,-8915.374,-44.24565,-11146.778,-7658.133,-8170.3374,1
74024.67356,-4216.8813,-4080.3757,1717.1608,-6172.514,-3253.039,-3606.18,1
74024.6769,6501.6304,6108.8887,537.4704,5617.2383,5308.8916,5683.6494,1
74024.68023186871,5318.578,5102.764,-1182.629,4485.389,4037.4363,4433.416,1
74024.68356530891,-8451.021,-8037.3594,-2194.8997,-10082.825,-7709.18,-7870.736,1
74024.6869,-9135.27,-8641.534,-44.24565,-10864.3955,-7570.47,-8127.8145,1
74024.69023,-4643.3174,-4391.2114,749.9936,-5525.9927,-3733.5442,-4201.4727,1
74024.69356562951,7036.8228,6706.358,614.78,8011.1943,5870.173,6149.904,1
74024.6969,5792.2817,5499.7686,-1382.794,7343.4688,4290.545,4758.1987,1
74024.70023,-7919.143,-7813.9243,-1839.835,-7121.7246,-7484.8145,-7585.3765,1
74024.70357,-8957.271,-8689.823,-44.24565,-8188.9565,-7478.3193,-8035.5815,1
74024.7069,-3764.8967,-3666.246,1947.7897,-2581.6724,-2976.723,-3311.0312,1
74024.71023,6729.155,6225.863,626.1667,9088.265,5352.2744,5766,1
74024.71357,5275.7446,4985.191,-1690.717,7567.6357,3897.0535,4287.072,1
74024.7169,-8566.737,-8365.796,-2291.6606,-7837.2915,-7858.764,-8129.2246,1
74024.72023315109,-8957.271,-8669.728,-44.24565,-9125.435,-7456.179,-8024.202,1
74024.72357,-4258.9824,-4183.3013,1606.5071,-4670.3135,-3321.279,-3774.7844,1
74024.7269,6591.9795,5995.2134,588.1112,7031.8486,5169.768,5694.7295,1
74024.73023,5227.6816,4847.5566,-1595.3027,5204.0444,3803.9768,4306.424,1
74024.73356691189,-8470.548,-8294.971,-1908.7158,-9847.356,-7808.4004,-7934.4146,1
74024.73690035209,-9162.885,-8969.0625,-44.24565,-11147.678,-7723.3564,-8202.08,1
74024.74023,-3413.487,-3355.4229,2709.5786,-5129.2773,-2607.3916,-2891.314,1
74024.74357,6531.647,6006.311,613.28174,6162.5186,5165.2803,5633.0415,1
74024.74690067269,5084.955,4806.2456,-1928.595,5195.7627,3686.167,4075.7468,1
74024.75023411289,-8376.853,-8145.0615,-2084.5667,-8988.266,-7744.835,-7970.943,1
74024.75357,-8371.952,-8178.735,-44.24565,-8924.59,-6973.5854,-7550.162,1
74024.75690099329,-2422.5505,-2430.7078,3134.5479,-2312.553,-1937.2897,-2090.0613,1
74024.76023443349,6956.0786,6362.933,574.3273,8506.713,5284.059,5885.4834,1
74024.76356787368,5275.519,4950.7104,-1771.987,7046.3047,3837.9236,4207.5986,1
74024.76690131388,-8285.917,-8054.934,-2240.337,-7549.71,-7750.747,-7887.211,1
74024.77023475409,-8633.095,-8388.989,-44.24565,-8609.232,-7265.595,-7820.871,1
74024.77356819429,-3970.6829,-3928.941,1482.3114,-3892.4878,-3305.217,-3628.8962,1
74024.77690163448,6944.6724,6340.138,569.8326,7761.187,5511.444,5859.73,1
74024.78023507468,5256.1504,4850.6313,-1760.8555,5859.586,3776.5466,4122.5605,1
74024.78356851489,-8836.132,-8751.864,-2354.5955,-9562.064,-8325.324,-8567.812,1
74024.78690195509,-8905.043,-8712.019,-44.24565,-10179.723,-7662.92,-7981.38,1
74024.79023539528,-4320.3013,-4201.354,1171.0222,-5543.793,-3653.719,-3888.3013,1
74024.79356883548,6668.822,6117.8867,512.0002,6500.0586,5249.951,5686.944,1
74024.79690227567,5393.956,5014.413,-1061.326,5307.5522,3900.538,4364.564,1
74024.80023571588,-7824.032,-7630.851,-1583.9297,-8805.604,-7238.567,-7445.396,1
74024.80356915608,-9165.286,-8870.983,-44.24565,-10206.103,-7739.5127,-8200.882,1
74024.80690259628,-2691.7156,-2626.6257,2997.0706,-3176.0518,-2012.0125,-2269.7937,1
74024.81023603647,6977.3906,6562.389,590.50836,8099.6265,5635.6074,6036.4097,1
74024.81356947667,5633.7397,5276.33,-1249.6536,7092.3228,4185.7603,4586.4634,1
74024.81690291688,-8339.125,-8174.7603,-1804.817,-7670.2065,-7915.617,-7925.522,1
74024.82023635707,-9211.211,-9042.546,-44.24565,-8763.913,-8020.752,-8290.719,1
74024.82356979727,-3728.2651,-3581.267,1951.2899,-2913.3574,-3009.8564,-3211.0361,1
74024.82690323747,6607.5884,6069.597,567.1357,8474.038,5161.092,5729.167,1
74024.83023667768,5090.234,4824.0317,-1780.5122,6853.43,3722.5542,4181.3916,1
74024.83357011787,-8803.16,-8582.8955,-2242.232,-8459.298,-8249.927,-8269.729,1
74024.83690355807,-8783.777,-8364.095,-44.24565,-9063.982,-7260.21,-7717.858,1
74024.84023699827,-4232.9316,-4060.1091,1465.8687,-4787.0176,-3436.9043,-3712.6147,1
74024.84357043846,7132.275,6802.937,555.44934,7327.7207,5872.5664,6232.2544,1
74024.84690387867,5445.6465,5168.245,-1579.347,5306.3335,4014.7063,4462.5254,1
74024.85023731887,-7942.392,-7786.6387,-1650.3063,-9309.955,-7413.5005,-7463.5396,1
74024.85357075906,-8808.091,-8540.456,-44.24565,-10714.211,-7315.56,-7883.158,1
74024.85690419926,-2339.0164,-2281.9622,3313.0532,-3800.7917,-1629.7267,-1920.1954,1
74024.86023763947,6467.712,5872.24,475.74255,6327.6914,4976.7905,5483.313,1
74024.86357107967,5228.6763,4949.355,-1503.757,5612.1694,3841.58,4270.663,1
74024.86690451986,-8621.063,-8410.534,-1966.2795,-8932.816,-8013.2847,-8127.856,1
74024.87023796006,-8859.719,-8416.583,-44.24565,-9120.339,-7270.9805,-7785.236,1
74024.87357140025,-2552.0193,-2292.5322,3393.728,-2065.119,-1714.1002,-1968.2429,1
74024.87690484046,6366.8564,6044.1025,534.17426,8176.0674,4963.9253,5516.852,1
74024.88023828066,5001.213,4834.3403,-1431.857,6864.237,3508.1663,4069.1965,1
74024.88357172086,-8874.891,-8458.546,-2214.279,-8003.052,-8192.659,-8361.734,1
74024.88690516105,-9457.945,-9016.152,-44.24565,-9181.492,-7973.4795,-8458.415,1
74024.89023860126,-5617.353,-5359.352,301.75623,-5255.7324,-4787.4536,-5091.0303,1
74024.89357204146,6642.107,6283.45,476.94116,7893.3853,5278.3745,5698.0234,1
74024.89690548166,4639.3735,4463.4927,-1807.204,5674.7173,3237.835,3760.329,1
74024.90023892185,-8972.148,-8720.426,-2559.3252,-9371.474,-8346.958,-8484.342,1
74024.90357236205,-9033.514,-8698.222,-44.24565,-10182.721,-7621.931,-7983.177,1
74024.90690580226,-5501.5947,-5411.1055,186.67911,-6468.722,-4938.0806,-4998.5127,1
74024.91023924245,6743.5625,6265.1543,541.66547,7093.3013,5220.032,5858.233,1
74024.91357268265,5261.474,4928.595,-1659.5171,5651.5713,3774.6309,4182.8594,1
74024.91690612285,-8441.48,-8182.8574,-1955.8391,-8869.281,-7894.971,-8007.5713,1
74024.92023956306,-8887.634,-8523.359,-44.24565,-9469.87,-7540.252,-7955.327,1
74024.92357300325,-1845.5306,-1797.4031,3946.7073,-2030.5505,-1215.4489,-1365.6752,1
74024.92690644345,6732.757,6208.7666,376.85815,7733.3086,5313.3794,5743.2417,1
74024.93023988364,5624.1353,5280.095,-969.1095,6558.7197,4206.5083,4585.776,1
74024.93357332384,-7708.684,-7483.04,-1393.5851,-8114.195,-7108.0376,-7240.62,1
74024.93690676405,-8941.663,-8693.723,-44.24565,-10153.942,-7591.1143,-8006.534,1
74024.94024020425,-3529.2476,-3563.7463,2353.761,-4647.9966,-2895.2893,-3047.4407,1
74024.94357364444,6238.987,5638.5913,414.31436,6160.42,4825.101,5259.9185,1
74024.94690708464,4651.691,4269.4487,-1772.7267,4744.25,3281.5403,3666.0203,1
74024.95024052483,-9091.602,-8836.401,-2373.337,-9929.783,-8417.189,-8591.568,1
74024.95357396505,-9381.403,-9028.749,-44.24565,-10224.389,-7871.4556,-8294.013,1
74024.95690740524,-5927.649,-5756.7017,-203.17581,-6189.074,-5155.803,-5453.357,1
74024.96024084544,6506.433,6018.308,396.03574,7846.3213,5062.658,5586.326,1
74024.96357428563,4800.281,4528.872,-2203.7507,6468.565,3301.6982,3718.62,1
74024.96690772584,-9008.88,-8894.913,-2763.453,-7972.759,-8667.685,-8629.141,1
74024.97024116604,-8776.873,-8474.7705,-44.24565,-7970.425,-7587.524,-7943.6484,1
74024.97357460624,-4455.48,-4268.756,1007.0583,-3348.5815,-3732.9844,-4117.236,1
74024.97690804643,6839.315,6400.7246,484.73206,8883.223,5305.9,5712.9966,1
74024.98024148663,5620.5386,5214.1685,-1268.4075,7357.4854,4069.6355,4493.6875,1
74024.98357492684,-8125.416,-7997.726,-1552.9384,-8009.1143,-7624.769,-7777.3496,1
74024.98690836703,-8649.604,-8330.202,-44.24565,-9316.987,-7185.113,-7750.7983,1
74024.99024180723,-3506.9539,-3400.4568,2067.03,-4552.346,-2747.972,-3111.0605,1
74024.99357524743,7009.208,6488.9053,598.59894,6637.0527,5603.295,5966.636,1
74024.99690868764,5435.287,5068.2017,-1053.8688,4668.167,3866.18,4462.3613,1
74025.00024212783,-8048.024,-7884.849,-1362.3716,-10214.904,-7532.0264,-7548.747,1
74025.00357556803,-9337.279,-8985.858,-44.24565,-11856.032,-7726.947,-8266.163,1
74025.00690900823,-4812.467,-4721.443,995.0663,-6901.9097,-3997.76,-4249.9434,1
74025.01024244842,6536.1494,6093.292,359.77814,5937.3916,5289.7437,5625.2554,1
74025.01357588863,3940.3027,3763.833,-2717.875,3797.0571,2725.7302,3018.1453,1
74025.01690932883,-9469.584,-9151.626,-2766.8132,-10086.629,-8672.873,-8966.361,1
74025.02024276902,-9028.11,-8655.031,-44.24565,-9403.921,-7516.0176,-8021.5073,1
74025.02357620922,-3667.5996,-3466.268,1905.981,-3267.1946,-2902.6243,-3111.9006,1
74025.02690964943,6890.9434,6324.5415,351.98724,8725.544,5242.4717,5905.2476,1
74025.03024308963,5642.9263,5271.6797,-1158.4521,7983.9614,4096.045,4622.1787,1
74025.03357652982,-7849.7734,-7513.5146,-1514.7344,-6494.845,-7308.9243,-7433.7026,1
74025.03690997002,-8524.436,-8184.4336,-44.24565,-7459.3184,-7107.922,-7607.9575,1
74025.04024341021,-3272.9683,-3117.6868,2182.4917,-1986.7207,-2595.7354,-2811.4917,1
74025.04357685042,6746.5645,6262.755,395.43643,8866.735,5276.28,5795.347,1
74025.04691029062,4930.556,4617.823,-1873.1597,6485.343,3525.3052,3967.3867,1
74025.05024373082,-8353.369,-8130.409,-2186.5618,-8289.415,-7709.573,-7896.337,1
74025.05357717101,-8715.34,-8348.498,-44.24565,-9477.664,-7134.2505,-7679.827,1
74025.05691061122,-3079.4172,-3058.4734,2226.065,-4019.282,-2436.9744,-2501.9236,1
74025.06024405142,6367.1567,5775.9614,325.9177,5984.7554,4944.478,5536.0176,1
74025.06357749162,4553.356,4294.3296,-1886.4724,3573.2422,3279.3013,3721.4292,1
74025.06691093181,-8652.847,-8421.971,-1787.2188,-11164.389,-7964.4937,-8134.9346,1
74025.07024437201,-9157.481,-8787.602,-44.24565,-12234.041,-7668.3057,-8168.5405,1
74025.07357781222,-2387.5254,-2351.3662,3752.0718,-5060.8784,-1701.9697,-1873.4421,1
74025.07691125241,6734.2573,6312.8438,441.5825,5697.5767,5364.8403,5804.0312,1
74025.08024469261,5412.7964,5051.0806,-737.4475,5096.696,3918.7393,4471.8496,1
74025.08358,-7966.957,-7682.7993,-1180.3772,-8535.28,-7416.986,-7469.439,1
74025.08691,-8963.876,-8603.442,-44.24565,-9048.395,-7683.265,-8033.186,1
74025.09024501321,-2976.328,-2821.0037,2572.7185,-1990.3755,-2472.7434,-2592.2788,1
74025.09357845341,6731.256,6367.732,397.534,9616.458,5277.4766,5729.4663,1
74025.09691,5159.124,4882.1133,-1575.9054,8228.995,3639.4094,4097.824,1
74025.10025,-8740.668,-8425.738,-2186.288,-6625.6665,-8220.531,-8285.746,1
74025.10357877401,-9080.64,-8607.342,-44.24565,-7679.0493,-7699.4214,-8069.7197,1
74025.10691,-5026.178,-4764.6055,664.76324,-3788.5962,-4260.498,-4462.2344,1
74025.11025,7045.8276,6766.6445,469.15027,8878.127,5731.3486,6159.187,1
74025.11358,4761.8447,4619.433,-2021.2883,5959.2354,3455.7488,3997.686,1
74025.11691,-9238.299,-9029.566,-2643.8135,-9924.977,-8764.028,-8728.343,1
74025.12025,-9460.947,-9257.6,-44.24565,-11053.25,-8197.573,-8420.684,1
74025.12358,-4263.39,-4151.739,1268.3125,-6214.157,-3471.1125,-3751.9846,1
74025.12691,6341.343,5924.129,248.6081,5427.1846,5058.7686,5559.6743,1
74025.13025,5712.518,5406.405,-776.4464,4567.536,4371.7563,4862.932,1
74025.13358,-8033.077,-7943.136,-1082.2006,-10118.673,-7480.937,-7476.406,1
74025.13691,-9420.726,-9009.854,-44.24565,-11533.78,-7882.526,-8365.883,1
74025.14025,-1917.7499,-1743.7787,4111.5947,-3235.303,-1117.0026,-1366.0968,1
74025.14358005639,6411.581,6016.209,294.15485,6711.3955,5104.8438,5527.0337,1
74025.14691349659,5559.9976,5317.36,-507.53497,6743.348,4094.9768,4704.1074,1
74025.15025,-8083.6484,-7803.4976,-1009.8736,-7488.8374,-7560.987,-7502.8887,1
74025.15358,-9338.18,-8838.591,-44.24565,-8862.537,-7865.173,-8292.815,1
74025.15691381719,-4273.491,-4064.7073,1453.18,-3453.572,-3611.8564,-3881.711,1
74025.16024725739,6723.752,6428.319,304.64258,8888.618,5356.762,5759.113,1
74025.16358,4710.5557,4502.757,-1719.5215,6836.8438,3302.503,3763.4487,1
74025.16691,-8527.41,-8127.423,-2148.304,-7613.4976,-7869.2744,-8048.615,1
74025.17024757799,-8905.043,-8338,-44.24565,-8432.369,-7300.6006,-7800.8076,1
74025.17358101819,-4284.255,-4025.6104,1193.7949,-3933.5674,-3477.284,-3717.9956,1
74025.17691445838,6628.3,6183.872,321.12332,7599.911,5113.5205,5749.8296,1
74025.18024789859,5273.2505,5017.5483,-1345.1857,5893.4307,3848.1357,4372.2007,1
74025.18358133879,-8353.595,-8076.8433,-1711.6115,-9191.468,-7693.504,-7929.1846,1
74025.18691477898,-8617.842,-8347.855,476.18335,-10034.904,-7212.202,-7660.9883,1
74025.19024821918,-1154.196,-1080.3221,4215.656,-2600.0437,-475.92377,-797.2911,1
74025.19358165938,6390.57,5835.348,272.28043,5883.4336,4811.637,5298.5483,1
74025.19691509959,5225.868,5018.7207,-1454.0734,4619.634,3817.0627,4215.1113,1
74025.20024853978,-8611.38,-8255.367,-1582.9006,-10224.405,-8055.899,-8182.811,1
74025.20358197998,-9041.918,-8516.161,-44.24565,-10839.515,-7639.8823,-8113.4404,1
74025.20691542017,-2205.8293,-2118.2456,3462.4233,-3442.1558,-1680.9619,-1787.4537,1
74025.21024886039,6361.1533,5943.925,159.01283,6594.486,4727.2656,5356.044,1
74025.21358230058,4606.784,4484.2695,-1662.1508,5220.6143,3341.8816,3677.3625,1
74025.21691574078,-9111.001,-8639.12,-2094.5977,-8942.038,-8300.213,-8549.185,1
74025.22024918097,-9477.456,-8933.37,-44.24565,-9198.579,-7875.9434,-8366.182,1
74025.22358262117,-4343.121,-4084.927,1222.5338,-3313.583,-3494.7524,-3780.5688,1
74025.22691606138,6395.6724,6130.184,137.1384,8827.766,5034.8335,5468.6396,1
74025.23024950158,4551.0806,4439.2446,-2183.8486,7070.1226,3290.0872,3548.2002,1
74025.23358294177,-8989.915,-8657.294,-2284.5237,-7568.888,-8286.995,-8500.272,1
74025.23691638197,-8544.847,-8183.834,-44.24565,-7703.031,-7193.49,-7660.3623,1
74025.24024982218,-3394.0781,-3313.4272,1835.8645,-2634.7334,-2773.4663,-2962.6833,1
74025.24358326237,6787.0864,6310.7446,263.89023,8460.549,5354.668,5839.6665,1
74025.24691670257,5475.0215,5179.973,-1235.2302,6606.214,4045.4856,4571.108,1
74025.25025014277,-8186.143,-7936.876,-1538.5214,-8653.613,-7606.969,-7698.81,1
74025.25358358296,-8828.201,-8399.487,-44.24565,-10216.295,-7358.045,-7827.759,1
74025.25691702317,-2686.2683,-2519.7925,2725.959,-4312.411,-2034.0566,-2179.5754,1
74025.26025046337,6545.1543,6145.7803,265.98776,5630.728,5020.173,5706.708,1
74025.26358390356,4915.563,4620.242,-1591.165,3562.0166,3469.6882,4048.8667,1
74025.26691734376,-8771.119,-8571.8125,-1581.7418,-11293.885,-8318.8545,-8240.866,1
74025.27025078397,-9279.048,-8912.675,-44.24565,-12068.868,-7998.013,-8206.571,1
74025.27358422417,-2907.9963,-2785.3848,2818.5435,-5208.0146,-2313.0928,-2366.7427,1
74025.27691766436,6724.6523,6391.427,228.2319,6022.2266,5373.816,5863.923,1
74025.28025110456,4969.075,4727.8384,-1226.6294,4800.5967,3558.6858,4106.292,1
74025.28358454476,-8507.22,-8202.141,-1737.8848,-9150.612,-7810.957,-7936.5615,1
74025.28691798497,-9229.5205,-8787.002,-44.24565,-9587.979,-7721.8604,-8208.368,1
74025.29025142516,-4478.556,-4197.542,859.8752,-4039.9526,-3716.9963,-3969.2812,1
74025.29358486536,7181.2017,6792.7393,303.14432,9160.509,5818.114,6219.378,1
74025.29691830555,5395.5864,5037.6113,-1519.8644,7577.356,3847.1506,4372.0483,1
74025.30025174576,-8350.379,-8275.592,-1788.6459,-7074.168,-8021.0557,-8016.141,1
74025.30358518596,-8501.322,-8249.22,-44.24565,-7634.983,-7290.727,-7764.274,1
74025.30691862616,-3601.0332,-3481.5195,1462.3153,-2284.0398,-3058.757,-3355.9976,1
74025.31025206635,6996.601,6427.419,245.0123,9317.288,5312.1826,5805.828,1
74025.31358550655,5385.832,4933.2095,-1360.6205,7481.495,3801.155,4275.259,1
74025.31691894676,-8166.297,-8046.2554,-1619.9253,-7722.6055,-7771.3022,-7869.301,1
74025.32025238695,-8609.082,-8294.81,-44.24565,-9056.188,-7361.9346,-7689.709,1
74025.32358582715,-3693.4285,-3625.5005,1419.3695,-4614.805,-3147.5486,-3277.6926,1
74025.32691926735,6941.671,6462.511,249.80669,6713.494,5329.5356,5925.611,1
74025.33025270754,5109.519,4801.084,-1642.2096,4316.4673,3550.2278,4185.257,1
74025.33358614775,-8726.826,-8471.367,-1685.1039,-10821.926,-8171.4404,-8202.389,1
74025.33691958795,-8931.758,-8700.921,-44.24565,-11656.086,-7564.187,-7958.621,1
74025.34025302815,-3779.5095,-3736.9092,1585.0679,-6119.7065,-3069.5647,-3350.683,1
74025.34358646834,6904.7505,6399.225,215.64662,5925.7007,5445.6216,5881.89,1
74025.34691990855,5211.579,4832.4478,-1453.0533,4582.653,3756.7808,4239.6763,1
74025.35025334875,-8049.0127,-7910.7046,-1356.4778,-9243.311,-7535.663,-7593.395,1
74025.35358678894,-8137.2236,-7840.709,-44.24565,-9030.408,-6727.95,-7229.7437,1
74025.35692022914,-2304.6355,-2339.208,2901.526,-2158.1025,-1846.092,-1885.9677,1
74025.36025366934,6937.7686,6334.7393,239.0193,8873.63,5228.1104,5913.333,1
74025.36358710955,5155.2295,4784.396,-1698.1063,7470.1636,3597.0862,4119.2344,1
74025.36692054974,-8748.363,-8611.559,-1950.5879,-7081.4556,-8278.937,-8296.026,1
74025.37025398994,-8534.641,-8268.716,-44.24565,-7121.1787,-7270.9805,-7712.1685,1
74025.37358743013,-3917.1453,-3832.493,1059.223,-2091.346,-3434.6252,-3538.4395,1
74025.37692087035,6705.7417,6165.576,89.4941,9571.792,5048.297,5651.608,1
74025.38025431054,4615.64,4257.2153,-2074.4373,6934.363,3081.604,3573.9983,1
74025.38358775074,-8640.172,-8462.705,-2078.8096,-7974.115,-8145.263,-8274.177,1
74025.38692119093,-9012.202,-8784.303,-44.24565,-9378.74,-7832.2617,-8047.2607,1
74025.39025463113,-1958.9048,-2039.8035,3255.7864,-2721.3735,-1560.6271,-1495.9866,1
74025.39358807134,6594.081,6219.5645,149.42404,6364.863,5194.601,5730.3647,1
74025.39692151154,4998.137,4831.4634,-1181.3555,4307.554,3807.4434,4222.1265,1
74025.40025495173,-8789.961,-8450.169,-1505.0353,-10868.569,-7974.5854,-8043.443,1
74025.40358839193,-9166.187,-8704.82,-44.24565,-11656.985,-7524.694,-7942.4507,1
74025.40692183214,-3936.3452,-3611.097,1674.5626,-5944.2935,-3103.1929,-3243.0352,1
74025.41025527233,6697.3374,6392.9263,99.68219,6200.8887,5354.3687,5886.681,1
74025.41358871253,4980.5806,4895.9487,-1765.637,4928.348,3843.669,4217.288,1
74025.41692215273,-8082.334,-7850.1733,-1206.1017,-8602.281,-7572.6143,-7515.975,1
74025.42025559292,-8820.397,-8483.769,-44.24565,-9345.766,-7504.6484,-7769.9634,1
74025.42358903313,-1539.1267,-1493.1853,3898.132,-1126.8557,-869.61975,-1015.2184,1
74025.42692247333,6537.95,6110.9883,147.32649,8496.5205,5148.2266,5647.715,1
74025.43025591352,4860.12,4687.022,-1331.6411,7058.495,3539.0425,4044.492,1
74025.43358935372,-8938.358,-8627.31,-1747.1827,-7850.9346,-8179.391,-8341.14,1
74025.43692279393,-8869.023,-8421.682,-44.24565,-8102.623,-7285.0425,-7791.225,1
74025.44025623413,-4066.8525,-3859.7747,1180.2166,-3162.7534,-3181.9988,-3492.4402,1
74025.44358967432,6656.815,6316.4434,133.84225,8766.912,5411.8135,5841.164,1
74025.44692311452,4660.044,4396.9897,-1623.3558,6451.374,3338.471,3899.5906,1
74025.45025655472,-8614.465,-8408.224,-1488.5315,-8197.632,-7921.1963,-7974.4985,1
74025.45358999493,-9068.933,-8636.435,-44.24565,-9631.445,-7469.643,-7950.2363,1
74025.45692343512,-2688.6816,-2644.8496,2656.5625,-3378.9785,-1956.0874,-2151.6277,1
74025.46025687532,6590.7793,6081.2944,94.2885,6701.5034,5198.7896,5675.2646,1
74025.46359031551,5161.4897,4841.4424,-1194.1378,4959.6455,3847.3733,4227.6343,1
74025.46692375571,-8560.271,-8332.049,-1352.9397,-9961.39,-7860.653,-8029.6406,1
74025.47025719592,-9185.697,-8728.215,-44.24565,-10968.115,-7536.961,-8123.3228,1
74025.47359063612,-2222.9126,-2026.7631,3312.499,-3743.0547,-1334.6484,-1692.5979,1
74025.47692407631,6466.8115,6068.3975,133.5426,6279.728,5013.2915,5613.876,1
74025.48025751651,5012.3105,4682.728,-824.41003,4947.785,3546.2478,4204.1465,1
74025.48359095672,-8339.842,-8034.8086,-1187.8849,-9249.592,-7633.228,-7716.895,1
74025.48692439692,-9433.633,-8905.776,-44.24565,-10238.777,-7830.1675,-8255.981,1
74025.49025783711,-3488.0024,-3282.0032,2028.7955,-3630.872,-2757.242,-2936.8489,1
74025.49359,6164.846,5846.446,62.82528,7801.9556,4741.926,5266.5063,1
74025.49692,4002.1423,3837.4897,-2136.7744,5918.516,2623.8215,3064.7815,1
74025.50025815771,-9273.604,-8900.231,-2304.6104,-8140.4243,-8614.835,-8793.967,1
74025.50359159791,-8884.032,-8440.278,-44.24565,-7952.4385,-7416.9854,-7903.5215,1
74025.50693,-3803.1458,-3655.7463,1351.6505,-2292.299,-3291.047,-3336.5115,1
74025.51026,6719.8496,6275.952,44.247,9352.961,5084.499,5832.18,1
74025.51359191851,4800.4624,4603.1875,-1531.0437,7205.065,3518.1064,3999.2466,1
74025.51692535871,-8868.239,-8539.882,-1725.2018,-8069.6426,-8165.8867,-8216.486,1
74025.52026,-8920.052,-8590.545,-44.24565,-9110.746,-7436.433,-7783.1396,1
74025.52359,-2512.0447,-2427.001,2909.8083,-3307.5688,-1884.0289,-1947.3934,1
74025.52693,6665.2197,6178.7734,49.640694,6306.7075,5138.9517,5813.913,1
74025.53026,5502.7407,5225.5303,-1003.8038,4639.597,4154.2134,4774.121,1
74025.53359,-8140.6514,-7816.586,-1419.8031,-10346.418,-7472.281,-7562.5796,1
74025.53693,-8720.365,-8495.419,307.92435,-11548.228,-7552.4956,-7663.947,1
74025.54026,-2498.728,-2459.7715,2786.7146,-5146.049,-2030.6431,-1957.4177,1
74025.54359,6059.1885,5592.4014,44.247,4693.35,4487.315,5211.4062,1
74025.54693,4526.4927,4338.23,-1536.7219,3569.7256,3169.1763,3755.8914,1
74025.55026,-9040.9795,-8663.175,-1984.5631,-10515.688,-8407.845,-8397.717,1
74025.55359,-9323.172,-8808.897,-44.24565,-10414.442,-7859.4883,-8175.1284,1
74025.55692664109,-3771.5562,-3540.9656,1768.6073,-3888.0518,-3071.0276,-3157.2273,1
74025.56026,6287.9136,5924.729,44.247,7902.0786,4811.9365,5452.7686,1
74025.56359,3850.343,3745.0513,-2221.211,5936.9404,2573.935,3131.8044,1
74025.56692696169,-9425.804,-9135.402,-2319.0217,-7793.0176,-8799.474,-8787.111,1
74025.57026040189,-8998.395,-8686.824,-44.24565,-7402.962,-7657.5347,-7931.6704,1
74025.57359,-2502.765,-2510.7666,2626.8545,-483.35434,-1943.1691,-2070.9507,1
74025.57693,6465.0103,6001.512,44.247,9764.844,4918.448,5487.206,1
74025.58026072249,4977.562,4685.3213,-1381.5571,8006.7793,3589.774,4045.534,1
74025.58359416269,-8988.831,-8689.371,-1890.3031,-7283.3965,-8358.354,-8392.175,1
74025.58692760288,-8981.585,-8600.443,-44.24565,-8304.667,-7568.0767,-7916.6973,1
74025.59026,-2982.735,-2780.8618,2061.8335,-2758.3943,-2185.6936,-2455.364,1
74025.59359448329,6966.284,6661.6675,58.929836,7458.4204,5741.521,6141.8184,1
74025.59692792349,5609.3496,5428.8984,-810.79095,5182.381,4270.5635,4816.6035,1
74025.60026136368,-7909.524,-7673.6714,-714.8565,-10253.707,-7302.7734,-7318.025,1
74025.60359480388,-9114.858,-8720.417,-44.24565,-12267.914,-7553.4165,-8063.7305,1
74025.60692824409,-3565.8584,-3402.9697,1991.4993,-6769.1494,-2821.0703,-3042.6323,1
74025.61026168428,6447.0005,5954.4224,76.30952,4378.2925,4944.777,5469.239,1
74025.61359512448,4205.7456,3962.545,-1874.3617,2283.0361,2912.2434,3349.046,1
74025.61692856468,-9069.08,-8762.472,-2003.926,-11375.842,-8340.382,-8512.107,1
74025.62026200489,-9151.479,-8720.117,-44.24565,-10950.13,-7605.7744,-8085.591,1
74025.62359544508,-3374.8972,-3145.471,1841.352,-3897.1353,-2659.034,-2887.7532,1
74025.62692888528,6506.733,6040.5034,44.247,7992.9087,4959.7363,5589.9194,1
74025.63026232547,4545.2524,4386.1626,-1733.0065,6887.3643,3229.4836,3792.2373,1
74025.63359576567,-9263.027,-8920.507,-1943.2778,-7336.9707,-8401.753,-8591.884,1
74025.63692920588,-9173.99,-8660.43,-44.24565,-7036.944,-7612.6562,-8064.629,1
74025.64026264608,-2018.0481,-1865.99,3324.4592,509.50632,-1322.3925,-1444.2904,1
74025.64359608627,6535.849,6203.3677,44.247,10053.821,5136.558,5613.876,1
74025.64692952647,4293.498,4081.2869,-1940.4861,7180.5337,3024.8628,3453.2402,1
74025.65026296668,-8762.889,-8421.116,-1740.1951,-7524.0728,-7968.1367,-8124.566,1
74025.65359640688,-8447.894,-8082.1562,-44.24565,-8246.812,-6899.087,-7425.5884,1
74025.65692984707,-1673.341,-1648.3862,3327.947,-1796.4426,-1086.6727,-1200.0139,1
74025.66026328727,6295.718,5724.9727,44.247,6459.889,4677.0015,5283.276,1
74025.66359672746,3529.2002,3420.9158,-2598.3733,3045.8887,2293.2114,2665.4458,1
74025.66693016767,-10164.991,-9883.404,-2975.0935,-12337.757,-9411.023,-9582.929,1
74025.67026360787,-9546.794,-9208.71,-44.24565,-12273.311,-8011.776,-8378.16,1
74025.67359704807,-4416.279,-4282.6445,1204.0173,-6803.6587,-3588.3242,-3836.6257,1
74025.67693048826,6402.576,6003.6113,44.247,5281.1973,5115.6147,5559.974,1
74025.68026392847,4735.9727,4452.244,-1181.2076,3765.5664,3432.1416,3993.552,1
74025.68359736867,-8579.312,-8339.96,-1102.5979,-10347.51,-7889.5103,-7928.5283,1
74025.68693080886,-8872.025,-8644.833,-44.24565,-10481.591,-7577.651,-7872.9766,1
74025.69026424906,-1789.0854,-1893.7466,3806.0095,-2518.0962,-1462.3014,-1312.8997,1
74025.69359768926,6713.246,6145.7803,44.247,7744.6997,5168.8706,5704.911,1
74025.69693112947,4979.6978,4644.491,-1230.0641,6490.4556,3565.8616,4033.3643,1
74025.70026456966,-8540.365,-8266.654,-1368.6938,-7562.9077,-7886.1343,-7968.7495,1
74025.70359800986,-8731.248,-8371.593,-44.24565,-7811.547,-7302.994,-7772.958,1
74025.70693145005,-3450.8455,-3302.4277,1593.0461,-1935.5983,-2838.3147,-2966.4778,1
74025.71026489025,6828.809,6430.118,44.247,9458.18,5393.862,5856.436,1
74025.71359833046,4514.6787,4341.7134,-2111.4219,6949.0684,3280.182,3644.0098,1
74025.71693177066,-9104.056,-8844.119,-1984.1725,-8010.2485,-8505.677,-8489.548,1
74025.72026521085,-9128.065,-8791.201,-44.24565,-8704.26,-7777.809,-8113.7397,1
74025.72359865105,-3357.437,-3261.3152,2069.8381,-2983.0798,-2644.46,-2896.7327,1
74025.72693209126,6544.854,6174.2744,44.247,7557.0444,5174.8545,5551.8887,1
74025.73026553146,4501.787,4227.3545,-1536.4563,4975.0654,3200.6401,3616.8186,1
74025.73359897165,-8689.092,-8399.028,-1619.2507,-9647.574,-7894.476,-8062.793,1
74025.73693241185,-9181.795,-8810.097,-44.24565,-10856.302,-7597.098,-8100.264,1
74025.74026585204,-1605.8861,-1600.3359,3352.7563,-3064.602,-947.0256,-1147.8501,1
74025.74359929225,6423.2876,5943.025,44.247,6165.816,4992.348,5469.538,1
74025.74693273245,4745.68,4491.883,-1383.7913,4414.5747,3397.0066,3927.0063,1
74025.75026617265,-8759.82,-8386.455,-1714.7313,-10148.011,-7997.8594,-8128.6797,1
74025.75359961284,-9186.598,-8694.922,-44.24565,-10829.922,-7535.465,-8049.057,1
74025.75693305305,-2921.6858,-2703.5176,2350.9102,-4122.961,-2040.976,-2297.2607,1
74025.76026649325,6397.1733,5990.7144,44.247,6470.3813,5091.9785,5504.5747,1
74025.76359993345,4174.271,3947.4373,-1902.2308,4375.203,3025.6265,3329.4502,1
74025.76693337364,-9498.788,-9078.8545,-2093.3425,-10067.273,-8674.858,-8902.14,1
74025.77026681384,-8755.862,-8272.914,-44.24565,-9343.667,-7213.8354,-7754.6914,1
74025.77360025405,-4685.5586,-4502.6826,261.99658,-4534.236,-3891.9377,-4224.6787,1
74025.77693369424,6929.6646,6514.4,44.247,8691.67,5453.401,5887.8794,1
74025.78026713444,4634.7827,4423.5405,-1564.8866,6499.724,3231.8047,3701.3071,1
74025.78360057464,-8635.34,-8229.835,-1596.7393,-7522.7764,-7848.35,-8046.28,1
74025.78693401485,-9191.1,-8725.516,-44.24565,-8260.602,-7647.3623,-8173.332,1
74025.79026745504,-2696.4258,-2404.0083,2273.5225,-1479.695,-1767.5184,-2184.7114,1
74025.79360089524,6262.6997,5995.2134,44.247,8483.331,4986.0654,5414.438,1
74025.79693433543,4622.5024,4526.617,-1282.2031,6480.563,3454.2637,3779.1255,1
74025.80026777563,-8954.342,-8551.056,-1617.4841,-8715.594,-8101.959,-8352.146,1
74025.80360121584,-9335.179,-8869.185,-44.24565,-9750.453,-7711.9873,-8206.871,1
74025.80693465604,-2952.8125,-2813.261,2386.5293,-3494.3542,-2358.8713,-2435.0986,1
74025.81026809623,6414.883,5983.516,44.247,6764.7544,4934.305,5527.0337,1
74025.81360153643,4037.7815,3864.464,-1817.2922,4034.1914,2889.081,3223.001,1
74025.81693497664,-9282.871,-8860.21,-1980.7427,-10590.239,-8485.452,-8644.514,1
74025.82026841684,-9022.407,-8490.067,-44.24565,-10883.581,-7446.9043,-7958.322,1
74025.82360185703,-3553.0173,-3371.5608,1463.1102,-5037.4805,-2830.7874,-3027.482,1
74025.82693529723,6381.5645,6066.298,44.247,6176.008,5018.976,5516.5527,1
74025.83026873742,3562.1543,3461.212,-2903.847,3629.633,2400.8235,2747.303,1
74025.83360217763,-9485.181,-9102.452,-2364.8057,-10146.534,-8686.217,-8904.173,1
74025.83693561783,-8757.663,-8474.471,-44.24565,-9587.379,-7447.2036,-7817.278,1
74025.84026905803,-2931.3845,-2902.1414,2247.124,-3087.2234,-2437.7598,-2523.0894,1
74025.84360249822,6761.5723,6287.949,44.247,8077.743,5200.2856,5713.296,1
74025.84693593842,4855.1055,4605.521,-1475.1727,6287.9487,3509.1084,3926.2488,1
74025.85026937863,-8684.671,-8418.275,-1651.7,-8161.565,-8005.2065,-8183.19,1
74025.85360281882,-8580.566,-8268.415,-44.24565,-8371.516,-7207.5522,-7644.192,1
74025.85693625902,-2423.299,-2377.043,2473.6519,-1965.0543,-1842.3649,-2046.1045,1
74025.86026969922,6409.1797,5904.6333,44.247,8086.4365,4918.7476,5439.293,1
74025.86360313943,4521.2686,4234.433,-1560.361,5907.462,3268.1426,3684.4868,1
74025.86693657962,-8983.92,-8781.096,-1781.2402,-8929.41,-8348.895,-8310.178,1
74025.87027001982,-9137.37,-8796.9,-44.24565,-9882.951,-7717.672,-8083.4946,1
74025.87360346002,-2863.7534,-2772.5015,1980.8441,-3759.6396,-2183.688,-2391.8875,1
74025.87693690021,6561.063,6126.885,44.247,6418.821,5122.496,5583.631,1
74025.88027034042,4535.0806,4384.8403,-1775.2737,4066.6016,3259.3726,3631.88,1
74025.88360378062,-9290.728,-9076.013,-2067.312,-11008.037,-8603.199,-8828.433,1
74025.88693722081,-8797.284,-8437.278,-44.24565,-11013.381,-7406.215,-7926.879,1
74025.89027066101,-3946.0938,-3815.1313,885.4406,-5937.264,-3199.5527,-3585.3103,1
74025.89360410122,7081.5474,6636.473,44.247,6357.368,5578.4624,6002.8706,1
74025.89693754142,5177.4106,4859.0405,-1177.9645,4756.6084,3728.6628,4242.853,1
74025.90027098161,-8501.406,-8350.798,-1261.105,-9453.485,-7997.02,-7992.177,1
74025.90360442181,-9055.125,-8867.085,-44.24565,-9702.19,-7696.429,-8183.214,1
74025.90694,-3183.432,-3204.9905,1601.3837,-2956.9597,-2581.68,-2901.556,1
74025.91027130221,6671.223,6108.2886,44.247,8570.863,5107.5366,5589.9194,1
74025.91360474241,4707.9136,4353.703,-1979.5056,6914.3325,3330.0442,3740.2588,1
74025.91694,-8777.719,-8743.701,-1751.1796,-7295.828,-8253.529,-8350.881,1
74025.92027,-8502.523,-8356.896,-44.24565,-7268.665,-7260.808,-7684.0195,1
74025.92360506301,-1759.7345,-1872.9169,3401.7913,-318.62875,-1307.8124,-1432.4584,1
74025.92693850321,7045.8276,6429.5186,44.247,9249.841,5213.749,5984.9033,1
74025.93027,4874.0825,4443.1245,-1277.4104,6489.934,3299.572,3949.086,1
74025.93361,-8533.008,-8358.321,-1255.6625,-8562.554,-7911.2837,-8019.628,1
74025.93694,-8649.904,-8321.804,-44.24565,-9519.632,-7184.5146,-7678.9287,1
74025.94027226401,-2772.7893,-2753.2354,2394.7273,-3863.7651,-2186.2046,-2424.3674,1
74025.94361,6606.0874,6109.788,44.247,6441.3037,5062.957,5623.459,1
74025.94694,4285.6045,4004.607,-1831.1439,3704.7366,2967.1733,3402.2122,1
74025.95027,-8892.651,-8547.671,-1742.5117,-10527.879,-8055.802,-8277.368,1
74025.95361,-8498.921,-8101.652,-44.24565,-10389.861,-6972.6875,-7524.1094,1
74025.95694,-2236.0342,-2157.5388,2416.6577,-3691.48,-1610.5737,-1796.7264,1
74025.96027,6798.1924,6289.749,44.247,6615.17,5150.0215,5744.4395,1
74025.96361,4429.816,4118.6167,-1759.2423,4380.896,3119.2532,3544.6099,1
74025.96693978559,-9006.351,-8800.435,-1990.8187,-9899.77,-8349.769,-8505.737,1
74025.97027,-8727.347,-8445.077,-44.24565,-9441.691,-7301.7974,-7789.129,1
74025.97361,-3542.6887,-3555.8943,1114.6749,-3575.5942,-3010.2407,-3238.1926,1
74025.97694,6964.4834,6499.103,44.247,8383.208,5480.9263,5893.868,1
74025.98027354639,4513.657,4184.5586,-1816.0924,5862.8105,3177.1006,3597.5798,1
74025.98360698659,-8788.367,-8583.117,-1752.0084,-8383.6,-8158.395,-8284.664,1
74025.98694,-8753.461,-8475.37,-44.24565,-8569.963,-7553.4165,-7802.3047,1
74025.99027386699,-2326.7632,-2301.1436,2221.8276,-1694.5507,-1916.4156,-1998.4973,1
74025.99360730719,6447.6006,5879.739,44.247,8060.3564,4788.3003,5336.879,1
74025.99694074738,4204.1455,3888.6863,-1952.0876,5510.677,2787.7104,3231.6099,1
74026.00027,-9135.168,-8868.197,-1894.2234,-9197.338,-8501.51,-8553.783,1
74026.00360762779,-8861.22,-8450.476,-44.24565,-9487.855,-7492.0825,-7866.3887,1
74026.00694106799,-1631.8599,-1563.6476,3319.8364,-2160.134,-1131.9717,-1260.7406,1
74026.01027450818,6604.8867,6169.7754,44.247,7100.796,5009.103,5594.711,1
74026.01360794838,4309.978,4224.5356,-1652.1558,4481.8267,3081.2952,3497.85,1
74026.01694138859,-9418.023,-9065.549,-1644.2499,-10437.316,-8757.34,-8776.376,1
74026.02027482878,-9126.564,-8740.513,-44.24565,-10708.216,-7659.031,-8072.115,1
74026.02360826898,-3171.1907,-2949.2512,2114.3757,-4241.4707,-2488.1147,-2652.543,1
74026.02694170918,6495.9272,6161.977,44.247,6670.627,5059.666,5542.905,1
74026.03027514939,3567.513,3452.9224,-2527.7876,3826.201,2400.5308,2765.0989,1
74026.03360858958,-9884.49,-9653.466,-2223.333,-10468.179,-9175.24,-9367.046,1
74026.03694202978,-8803.588,-8406.686,-44.24565,-9402.122,-7382.5786,-7862.1963,1
74026.04027546998,-3425.2896,-3202.1963,1510.4104,-3252.1226,-2767.9146,-2999.9397,1
74026.04360891017,6714.447,6314.0435,44.247,8378.711,5176.0513,5687.243,1
74026.04694235038,4389.8877,4146.2544,-1831.7244,6025.8926,2977.2686,3486.3381,1
74026.05027579058,-8800.561,-8474.045,-1754.1794,-8258.856,-8151.124,-8289.411,1
74026.05360923077,-9029.312,-8620.538,-44.24565,-8974.951,-7552.5186,-8061.6343,1
74026.05694267097,-2677.4033,-2469.2512,2288.0864,-2382.7344,-1996.4557,-2259.6682,1
74026.06027611118,6338.041,6020.708,44.247,7745.599,4871.1763,5366.824,1
74026.06360955138,4504.6743,4356.3975,-1419.6633,5426.8066,3289.4998,3734.9375,1
74026.06694299157,-9431.989,-9104.711,-1625.7856,-9675.567,-8636.903,-8824.461,1
74026.07027643177,-9013.402,-8574.049,-44.24565,-9897.94,-7481.611,-8036.48,1
74026.07360987196,-3390.9114,-3159.3196,1399.6833,-3850.0845,-2585.909,-2923.3284,1
74026.07694331217,6532.5474,6157.778,44.247,7169.143,5139.849,5568.9575,1
74026.08027675237,4126.287,3990.9822,-1770.9154,4662.7446,2898.5627,3337.9138,1
74026.08361019257,-9170.122,-8892.281,-1727.6504,-9724.688,-8302.189,-8545.991,1
74026.08694363276,-9538.39,-9178.417,-44.24565,-10178.224,-7955.8276,-8435.057,1
74026.09027707297,-3727.7139,-3576.4692,1350.6963,-3954.5889,-2966.767,-3186.3303,1
74026.09361051317,6156.7417,5813.453,44.247,7362.494,4866.9873,5259.6187,1
74026.09694395337,3413.8447,3290.0781,-2546.0405,4326.2393,2340.428,2563.5938,1
74026.10027739356,-9349.234,-9012.643,-2115.4712,-9571.334,-8404.636,-8724.938,1
74026.10361083376,-8795.184,-8454.675,-44.24565,-9543.613,-7269.7837,-7806.1978,1
74026.10694427397,-2431.206,-2501.2642,2248.634,-2921.9265,-1910.4524,-2037.056,1
74026.11027771416,6836.9136,6254.0566,44.247,7178.436,5265.21,5744.739,1
74026.11361115436,4211.6255,3934.7627,-1864.8142,4318.3174,3006.3147,3339.115,1
74026.11694459456,-9177.64,-8903.728,-1874.6428,-10419.243,-8443.045,-8632.081,1
74026.12027803475,-8882.531,-8592.645,-44.24565,-10504.973,-7419.0796,-7899.9277,1
74026.12361147496,-3435.353,-3332.7866,1584.9531,-4733.372,-2866.3396,-3012.2546,1
74026.12694491516,6471.914,5940.6255,44.247,6580.3965,4992.6475,5425.8174,1
74026.13027835535,3837.5256,3648.6384,-1931.2614,4067.5854,2636.5059,3009.926,1
74026.13361179555,-8901.179,-8502.402,-1636.7048,-9336.162,-7976.885,-8228.994,1
74026.13694523576,-8685.323,-8307.407,-44.24565,-9204.874,-7269.485,-7674.437,1
74026.14027867596,-2285.6594,-2198.0415,2442.8955,-2049.3777,-1766.4073,-1780.9608,1
74026.14361211615,6129.1265,5637.991,44.247,7941.348,4611.7783,5187.1504,1
74026.14694555635,3578.542,3380.4055,-2340.5603,5464.31,2306.5212,2686.4094,1
74026.15027899655,-9880.387,-9528.054,-2085.583,-8845.989,-9096.963,-9344.56,1
74026.15361243676,-9031.713,-8517.062,-44.24565,-8353.529,-7484.004,-8008.6304,1
74026.15694587695,-3147.324,-2942.6218,1854.4578,-2312.814,-2539.046,-2763.8667,1
74026.16027931715,6433.493,6104.9893,44.247,8162.5776,4928.0225,5478.8213,1
74026.16361275734,4166.4683,4093.125,-1671.9827,5312.4414,2931.0347,3330.9956,1
74026.16694619755,-8881.705,-8467.026,-1389.1124,-9209.1455,-8208.033,-8276.556,1
74026.17027963775,-8761.865,-8339.8,-44.24565,-9853.874,-7380.7837,-7834.3467,1
74026.17361307795,-2746.6067,-2598.134,2058.2874,-3827.865,-2135.04,-2330.945,1
74026.17694651814,6596.482,6216.265,44.247,6554.616,5111.725,5565.065,1
74026.18027995834,3646.8958,3503.8718,-2311.3296,3507.2944,2465.5095,2773.397,1
74026.18361339855,-9619.317,-9366.865,-2168.89,-10893.663,-8986.772,-9179.649,1
74026.18694683874,-8922.453,-8514.062,-44.24565,-10537.048,-7470.5405,-7965.2095,1
74026.19028027894,-3471.9004,-3334.6587,1132.8286,-4536.0015,-2839.3577,-3064.4355,1
74026.19361371914,6617.1934,6251.657,44.247,6939.52,5207.167,5680.9546,1
74026.19694715935,4474.2036,4322.06,-1540.0288,5018.4663,3213.615,3759.0427,1
74026.20028059954,-8971.231,-8632.306,-1243.1222,-9297.849,-8281.151,-8334.837,1
74026.20361403974,-8923.653,-8431.88,-44.24565,-9442.291,-7368.816,-7922.986,1
74026.20694747994,-1628.6243,-1397.4028,3371.34,-1574.7977,-1017.4222,-1114.8174,1
74026.21028092013,6385.767,6081.594,44.247,7754.2925,4896.308,5440.79,1
74026.21361436034,4240.043,4135.3247,-1412.3601,5659.609,3108.6313,3501.3599,1
74026.21694780054,-9150.5205,-8787.2705,-1446.0177,-8600.861,-8356.496,-8542.185,1
74026.22028124073,-9237.024,-8816.995,-44.24565,-9141.323,-7718.8687,-8233.822,1
74026.22361468093,-3046.0032,-2816.2732,1743.0264,-2674.4072,-2370.7393,-2651.0552,1
74026.22694812113,6224.279,5827.85,44.247,7417.9517,4650.972,5245.245,1
74026.23028156134,3705.022,3498.2866,-2082.6113,4430.5547,2403.802,2945.555,1
74026.23361500153,-9665.005,-9219.211,-2066.7388,-10185.115,-8756.427,-8963.347,1
74026.23694844173,-8933.259,-8425.281,-44.24565,-10071.506,-7354.754,-7885.8535,1
74026.24028188192,-3698.9941,-3460.9822,1121.8376,-4826.4434,-3000.2878,-3251.999,1
74026.24361532214,6487.8228,6164.3765,44.247,6418.521,5043.809,5482.115,1
74026.24694876233,4201.9033,4044.4211,-1430.0691,3958.3923,2939.5488,3406.0986,1
74026.25028220253,-8751.538,-8430.701,-1323.2864,-9863.71,-8094.762,-8231.618,1
74026.25361564272,-8540.645,-8110.9497,-44.24565,-9527.126,-7029.235,-7589.391,1
74026.25694908292,-993.4981,-877.77783,3414.2268,-1362.3077,-455.48535,-598.9817,1
74026.26028252313,6331.137,5871.0405,44.247,7377.782,4664.735,5301.543,1
74026.26361596333,4912.2144,4720.6084,-676.1545,6009.989,3721.3599,4172.022,1
74026.26694940352,-8408.256,-8001.8164,-759.1895,-8239.6045,-7499.644,-7767.8794,1
74026.27028284372,-9403.916,-8881.182,-44.24565,-9364.65,-7733.828,-8282.933,1
74026.27361628393,-1104.4161,-861.3687,4018.9924,-637.58636,-346.36472,-609.9773,1
74026.27694972412,6055.286,5790.958,44.247,7515.976,4694.953,5140.1357,1
74026.28028316432,3495.6907,3515.2336,-1815.8125,4710.6665,2479.8423,2822.861,1
74026.28361660452,-9716.713,-9200.553,-1444.4254,-9739.192,-8619.769,-8943.82,1
74026.28695004471,-9212.712,-8603.742,-44.24565,-9645.834,-7542.945,-8126.0176,1
74026.29028348492,-2049.012,-1901.7114,3293.361,-2343.1965,-1420.7224,-1535.5913,1
74026.29361692512,6231.1826,5925.6284,44.247,6897.2524,4913.661,5250.036,1
74026.29695036531,2906.03,2886.416,-2684.5186,3223.512,1899.0527,2147.0452,1
74026.30028380551,-9672.813,-9238.443,-2196.3367,-10343.669,-8752.454,-9098.83,1
74026.30361724572,-8957.872,-8462.473,-44.24565,-9865.564,-7367.9185,-7907.714,1
74026.30695068592,-2153.2712,-1887.5066,2480.263,-2411.9329,-1520.3872,-1686.3481,1
74026.31028412611,6805.3965,6350.0356,44.247,7744.9995,5262.517,5749.5303,1
74026.31361756631,4790.1606,4598.918,-1254.878,5833.9526,3640.712,4016.8718,1
74026.31695,-8813.658,-8651.302,-1301.1613,-8781.508,-8146.5957,-8247.076,1
74026.32028444672,-8785.278,-8414.184,-44.24565,-9045.097,-7452.29,-7822.069,1
74026.32361788691,-1021.07574,-1010.7356,3360.4214,-1150.331,-510.35242,-702.9136,1
74026.32695132711,6471.0137,5964.02,44.247,7346.6064,4873.2705,5417.1333,1
74026.33028,4870.732,4570.348,-630.2188,5144.9097,3605.4958,4043.6997,1
74026.33361820751,-8531.288,-8265.414,-888.28186,-9656.562,-7777.516,-7991.2095,1
74026.33695164771,-9086.042,-8678.726,-44.24565,-10863.796,-7597.3975,-8157.4604,1
74026.34029,-2959.1882,-2889.2883,1572.8202,-4432.611,-2411.5305,-2721.3474,1
74026.34362,6377.062,6028.506,44.247,6139.736,4931.613,5278.784,1
74026.34695,3843.302,3694.3528,-1649.9299,3611.1145,2575.5361,3028.7478,1
74026.35028540851,-9371.478,-9007.47,-1618.975,-10568.601,-8634.524,-8757.262,1
74026.35362,-9355.89,-8912.675,-44.24565,-10562.229,-7825.6797,-8341.926,1
74026.35695,-3655.3853,-3426.2983,998.4052,-4032.3872,-2887.8555,-3181.2148,1
74026.36029,6160.944,5700.0776,44.247,7453.0244,4688.969,5082.3403,1
74026.36362,3857.0188,3677.7922,-1898.4427,5577.039,2743.0308,3067.045,1
74026.36695,-9406.696,-9047.053,-1700.1116,-8458.057,-8626.465,-8857.974,1
74026.37029,-8640.299,-8242.021,-44.24565,-7822.339,-7107.6226,-7724.1465,1
74026.37362,-2833.22,-2678.0764,1831.8271,-1529.0076,-2122.988,-2505.1018,1
74026.37695293009,6877.1357,6366.832,44.247,9384.437,5298.719,5763.006,1
74026.38029,4611.691,4366.249,-1212.3063,6568.433,3266.9495,3695.8357,1
74026.38362,-8731.322,-8520.331,-967.6185,-8260.232,-8012.908,-8267.016,1
74026.38695,-8769.97,-8382.99,-44.24565,-9426.703,-7251.234,-7862.1963,1
74026.39028669089,-1730.5519,-1749.6932,2944.1052,-2679.2275,-1175.0238,-1447.697,1
74026.39362013109,6683.2295,6107.989,44.247,6300.412,5045.305,5468.6396,1
74026.39695,4138.473,3823.2163,-1671.5835,3447.475,2898.4458,3272.5432,1
74026.40029,-9470.143,-9271.329,-1569.2311,-11459.053,-8735.664,-8915.332,1
74026.40362045169,-8915.85,-8641.534,-44.24565,-11140.483,-7498.6646,-7977.4873,1
74026.40695389188,-3366.7217,-3375.43,1247.5612,-5158.759,-2984.6985,-3071.4885,1
74026.41029,6321.5317,5783.4595,44.247,6204.7856,4592.0317,5211.7056,1
74026.41362077229,3750.9695,3525.0923,-1675.4655,4003.5593,2541.8289,2931.1777,1
74026.41695421249,-9287.645,-9059.03,-1393.0837,-9459.769,-8549.716,-8704.053,1
74026.42028765268,-9073.436,-8682.625,-44.24565,-9030.108,-7604.279,-8094.2754,1
74026.42362109288,-1881.7467,-1771.8591,2852.3691,-981.34814,-1325.677,-1492.4087,1
74026.42695453309,6330.237,5938.526,44.247,8754.922,4800.866,5326.9966,1
74026.43028797329,3778.825,3647.3582,-1837.5146,6265.2593,2631.849,2977.662,1
74026.43362141348,-9212.12,-8807.43,-1744.674,-7764.9995,-8400.383,-8629.136,1
74026.43695485368,-8356.943,-8023.9688,-44.24565,-7434.7373,-7047.186,-7430.08,1
74026.44028829389,-2991.098,-3007.094,1156.1306,-2232.853,-2714.4692,-2795.5596,1
74026.44362173408,6926.3623,6530.8965,44.247,8385.307,5260.423,5781.572,1
74026.44695517428,3953.8474,3712.9954,-2224.5044,4766.0117,2668.357,3036.7495,1
74026.45028861448,-8988.8545,-8794.057,-1790.9545,-9798.889,-8312.6875,-8496.415,1
74026.45362205467,-8553.852,-8336.801,-44.24565,-10214.496,-7224.3066,-7680.426,1
74026.45695549488,-2299.7068,-2344.1155,1719.1536,-4092.9573,-1865.0612,-1973.655,1
74026.46028893508,6702.74,6201.868,44.247,5609.744,5061.7603,5602.497,1
74026.46362237528,3673.6917,3374.8381,-2143.4653,2006.7853,2348.599,2858.9817,1
74026.46695581547,-9156.473,-8902.577,-1715.5334,-11884.412,-8523.943,-8574.463,1
74026.47028925568,-8501.022,-8175.436,-44.24565,-11412.973,-7137.841,-7487.2764,1
74026.47362269588,-1842.3339,-1751.2953,2517.2522,-4060.269,-1267.8898,-1433.1128,1
74026.47695613607,6391.7705,5901.9336,44.247,5804.594,4813.4326,5456.0625,1
74026.48028957627,4330.4355,3992.6938,-1095.0753,4206.5347,3022.6099,3553.8003,1
74026.48362301647,-8937.471,-8670.898,-1169.6636,-9417.089,-8190.5396,-8236.906,1
74026.48695645668,-9030.512,-8667.328,-44.24565,-8920.992,-7629.1113,-8000.2456,1
74026.49028989687,-2291.6602,-2214.0176,2361.5093,-1229.6477,-1766.7523,-1812.6537,1
74026.49362333707,6842.6167,6435.817,44.247,9603.568,5292.137,5885.184,1
74026.49695677726,3784.8225,3628.3723,-2049.262,6618.5366,2528.8635,3062.742,1
74026.50029021746,-9564.717,-9328.294,-1801.1525,-7724.989,-8984.493,-8980.5205,1
74026.50362365767,-8885.833,-8528.459,-44.24565,-7276.759,-7431.646,-7861.897,1
74026.50695709787,-3547.055,-3490.087,1031.8481,-1691.8176,-3105.832,-3143.7468,1
74026.51029053806,6856.7246,6424.1196,44.247,9272.623,5239.18,5846.8535,1
74026.51362397826,3649.4805,3403.8967,-2290.4993,5223.174,2362.181,2831.1108,1
74026.51695741847,-9093.561,-8792.574,-1643.0303,-9286.351,-8354.515,-8489.987,1
74026.52029085867,-8309.518,-8043.1646,-44.24565,-9547.81,-6937.084,-7391.45,1
74026.52362429886,-1364.0641,-1446.7755,2729.5356,-2761.083,-950.3589,-1056.6296,1
74026.52695773906,7110.663,6495.504,44.247,6443.402,5293.334,5982.208,1
74026.53029117925,4859.792,4512.828,-1025.0575,3661.2166,3467.466,4057.885,1
74026.53362461946,-8831.831,-8620.016,-960.4232,-11241.054,-8120.0215,-8283.012,1
74026.53695805966,-8884.032,-8564.751,-44.24565,-11373.403,-7494.4756,-7853.5117,1
74026.54029149986,-1839.3055,-1867.8531,2686.1833,-3564.5693,-1322.8317,-1465.4496,1
74026.54362494005,6542.753,6052.801,44.247,6610.6733,4974.0977,5521.6436,1
74026.54695838026,3726.7427,3435.1912,-1853.1598,3931.7725,2498.1284,2921.9338,1
74026.55029182046,-9592.931,-9301.814,-1747.0277,-10000.092,-8754.062,-8950.316,1
74026.55362526065,-8643,-8303.808,-44.24565,-8941.077,-7137.841,-7620.2354,1
74026.55695870085,-2970.745,-2836.2886,1067.4543,-2591.6052,-2461.233,-2526.411,1
74026.56029214105,6742.662,6209.0664,44.247,8615.2295,5083.003,5707.906,1
74026.56362558126,3584.2793,3311.464,-2019.5801,5513.523,2387.3767,2783.4966,1
74026.56695902145,-9507.026,-9331.052,-1955.6052,-8631.719,-8793.08,-8960.437,1
74026.57029246165,-8844.11,-8514.062,-44.24565,-8270.493,-7405.317,-7949.937,1
74026.57362590184,-3302.8455,-3310.5535,700.3769,-2434.2593,-2833.3323,-3057.6118,1
74026.57695934206,6885.54,6447.5146,44.247,8859.241,5282.8623,5807.9243,1
74026.58029278225,4314.1646,4039.2905,-1501.5282,5888.935,3088.9373,3496.7126,1
74026.58362622245,-9057.535,-8983.16,-1540.7697,-8953.314,-8451.637,-8532.589,1
74026.58695966264,-8577.864,-8448.076,-44.24565,-9105.051,-7397.538,-7657.967,1
74026.59029310284,-1929.2743,-1956.5619,1832.1702,-2457.6724,-1581.0643,-1612.754,1
74026.59362654305,6537.65,5850.045,44.247,6752.7637,4741.926,5342.269,1
74026.59695998325,4229.6094,3926.301,-1743.3395,3958.5874,3003.3608,3421.5974,1
74026.60029342344,-9058.484,-8948.864,-1126.0623,-10787.089,-8391.502,-8538.757,1
74026.60362686364,-8871.726,-8578.548,-44.24565,-11168.661,-7460.069,-7916.9966,1
74026.60696030383,-1330.9128,-1327.8527,3131.6792,-3332.7498,-868.9291,-877.6219,1
74026.61029374404,5983.847,5459.8306,44.247,5252.4194,4396.361,4958.365,1
74026.61362718424,3209.7617,3043.1858,-2048.162,2484.0576,2097.795,2518.7727,1
74026.61696062444,-9434.179,-9031.618,-1568.7928,-10662.033,-8524.958,-8744.355,1
74026.62029406463,-8826.7,-8374.893,-44.24565,-9989.069,-7306.285,-7762.477,1
74026.62362750484,-2610.4119,-2346.5598,1982.489,-2850.1663,-1894.1586,-2180.0457,1
74026.62696094504,5891.3965,5494.023,44.247,7562.44,4328.445,4866.432,1
74026.63029438524,3027.869,2904.542,-2074.1062,5051.4478,1927.2195,2226.56,1
74026.63362782543,-9711.541,-9370.641,-1734.4021,-8189.0967,-8907.398,-9126.736,1
74026.63696126563,-8864.521,-8430.9795,-44.24565,-7338.511,-7400.829,-7935.863,1
74026.64029470584,-2240.8706,-2102.4978,1954.4559,-252.02509,-1702.19,-1963.2561,1
74026.64362814603,6375.5615,5825.1504,44.247,9531.323,4696.449,5189.845,1
74026.64696158623,3808.501,3466.5293,-1675.5836,6524.0435,2393.3586,2849.9746,1
74026.65029502643,-9107.684,-8840.801,-1416.3342,-7983.434,-8467.291,-8665.242,1
74026.65362846664,-8784.377,-8361.695,-44.24565,-8581.3545,-7316.757,-7860.1,1
74026.65696190683,-817.5388,-825.3952,3272.3223,-1198.7289,-355.76028,-515.8399,1
74026.66029534703,6155.2407,5648.789,44.247,6109.1597,4502.5737,5008.075,1
74026.66362878722,3394.7278,3160.0261,-1979.8511,2447.724,2248.7793,2557.478,1
74026.66696222742,-9558.923,-9271.572,-1811.9778,-12053.362,-8739.012,-9051.877,1
74026.67029566763,-9018.205,-8788.502,-44.24565,-12107.838,-7595.004,-8148.1772,1
74026.67362910783,-2558.2566,-2577.7683,1646.9916,-5304.7686,-1971.6115,-2271.7253,1
74026.67696254802,6558.061,5926.828,44.247,5033.588,4884.6396,5426.416,1
74026.68029598822,3593.588,3258.8147,-2017.5477,2257.751,2284.6592,2725.498,1
74026.68362942843,-10096.334,-9874.644,-1854.4628,-11915.516,-9291.718,-9443.0205,1
74026.68696286863,-9114.258,-8661.029,-44.24565,-10591.905,-7589.02,-8135.0015,1
74026.69029630882,-2310.5977,-2140.7546,2067.5364,-2809.0593,-1768.0499,-1932.4109,1
74026.69362974902,6397.1733,6094.7915,44.247,7691.341,4905.8823,5416.235,1
74026.69696318921,3656.0176,3614.397,-1643.521,5372.93,2617.4524,3030.2476,1
74026.70029662942,-9401.832,-8936.547,-1379.6436,-8012.337,-8579.514,-8704.1045,1
74026.70363006962,-8902.042,-8523.359,-44.24565,-7232.393,-7598.594,-7995.754,1
74026.70696350982,-2446.8733,-2435.8706,1618.861,138.77193,-2166.0364,-2220.4766,1
74026.71029695001,6784.685,6266.654,44.247,10600.899,4924.7314,5564.466,1
74026.71363039022,3984.7852,3761.394,-1806.2742,7334.606,2689.696,3059.8013,1
74026.71696383042,-9273.214,-9061.432,-1517.5431,-7398.192,-8573.209,-8783.1875,1
74026.72029727061,-8563.156,-8341.899,-44.24565,-7738.703,-7190.7974,-7747.8037,1
74026.72363071081,-2518.3567,-2602.3906,1465.3688,-2213.8813,-2084.154,-2278.653,1
74026.72696,6684.7305,6052.2007,44.247,7179.635,5112.3237,5667.7783,1
74026.73029759122,3971.419,3671.3765,-1526.5873,3134.8914,2909.0603,3245.3809,1
74026.73363103141,-8880.3,-8692.564,-959.6393,-11599.329,-7953.133,-8144.2817,1
74026.73696447161,-8389.662,-8130.1455,-44.24565,-12177.384,-6944.564,-7365.697,1
74026.7403,-1410.4978,-1547.4884,2912.7263,-5178.159,-996.38055,-992.8103,1
74026.74363,6320.9316,5703.377,44.247,3542.8362,4653.964,5248.2393,1
74026.74696479221,3770.5032,3543.0864,-1678.2671,992.14307,2568.0015,3033.2144,1
74026.75029823241,-9536.264,-9331.207,-1488.3475,-12599.641,-8922.892,-8925.624,1
74026.75363,-8942.264,-8694.322,-44.24565,-11328.139,-7650.354,-7990.9624,1
74026.75697,-1336.5974,-1311.1155,2841.1633,-2094.8186,-994.6005,-1013.79584,1
74026.76029855301,6291.2153,5844.0464,44.247,7852.317,4632.123,5251.234,1
74026.76363,3585.1958,3407.5981,-1847.0267,5902.3623,2290.0718,2818.9517,1
74026.76697,-9697.574,-9370.4375,-1549.2604,-7432.244,-9082.977,-9076.433,1
74026.7703,-8842.609,-8509.862,-44.24565,-6172.7095,-7612.0576,-7962.514,1
74026.77363,-2891.0273,-2768.7673,1232.5706,651.96497,-2491.714,-2627.5293,1
74026.77697,6443.098,5951.423,44.247,11283.773,4673.7104,5238.058,1
74026.7803,3706.7554,3553.4404,-1815.6888,7800.033,2381.0623,2861.118,1
74026.78363,-9259.397,-8963.341,-1575.0609,-6891.868,-8599.519,-8709.205,1
74026.78697,-8976.183,-8667.628,-44.24565,-7716.52,-7668.904,-8039.774,1
74026.7903,-2810.7783,-2779.7307,1008.6027,-2181.2976,-2424.4675,-2469.5212,1
74026.79363,6346.1455,5878.839,44.247,6991.38,4741.926,5286.57,1
74026.79697,2620.6565,2448.7725,-3037.5415,1842.2166,1387.4524,1886.4742,1
74026.80029983539,-9755.179,-9318.162,-1759.8269,-12832.072,-8871.844,-9020.85,1
74026.80363327559,-9046.12,-8686.225,-44.24565,-13335.692,-7511.2305,-7964.9097,1
74026.80697,-1635.2748,-1601.3353,2930.3652,-5932.7676,-1090.1755,-1152.9797,1
74026.8103,6235.985,5724.0728,44.247,3195.4038,4601.3066,5239.555,1
74026.81363359619,3190.1868,2909.7676,-1965.3336,194.94159,2023.9521,2420.8213,1
74026.81696703639,-9680.432,-9358.264,-1613.703,-13018.078,-8888.834,-9108.624,1
74026.8203,-8902.942,-8530.559,-44.24565,-11521.489,-7495.9717,-7989.4653,1
74026.82363391679,-2524.4287,-2487.0554,1498.7748,-3597.5898,-2125.437,-2334.0142,1
74026.82696735699,6182.856,5583.703,44.247,7441.0337,4280.574,5002.3853,1
74026.83030079718,3564.1958,3290.504,-1570.3606,5657.4526,2207.0247,2700.2986,1
74026.83363423738,-9570.319,-9208.927,-1410.4763,-7743.742,-8728.965,-8985.815,1
74026.83696767759,-9116.659,-8681.425,-44.24565,-6938.6196,-7606.971,-8179.6206,1
74026.84030111779,-2826.8535,-2701.3293,1461.8451,159.32346,-2255.58,-2562.54,1
74026.84363455798,5957.733,5447.533,44.247,10195.912,4351.4824,4809.535,1
74026.84696799818,2746.052,2614.1394,-2360.5386,6518.161,1555.7476,1968.1218,1
74026.85030143839,-10222.714,-10005.241,-1653.442,-7943.403,-9552.592,-9671.9,1
74026.85363487859,-8626.491,-8206.629,-44.24565,-7282.155,-7215.331,-7725.9434,1
74026.85696831878,-3684.8318,-3570.1196,525.18176,-2906.0115,-3326.1936,-3419.415,1
74026.86030175898,6511.836,6006.9106,44.247,7467.114,4783.513,5361.135,1
74026.86363519917,2947.1064,2670.487,-2089.3035,2589.5747,1693.7599,2109.783,1
74026.86696863938,-9669.616,-9350.888,-1650.7727,-11847.181,-8801.6455,-9066.472,1
74026.87030207958,-9279.648,-8848.789,-44.24565,-12360.543,-7840.9385,-8319.767,1
74026.87363551978,-2850.9253,-2661.8953,1473.8511,-5812.006,-2233.618,-2489.5356,1
74026.87696895997,5910.307,5476.3267,44.247,3895.065,4312.588,4858.3467,1
74026.88030240017,2808.4592,2732.7444,-2233.7593,562.59344,1726.3307,2162.33,1
74026.88363584038,-9972.397,-9582.712,-1536.6549,-13093.339,-9123.442,-9197.134,1
74026.88696928057,-8922.753,-8551.854,-44.24565,-11834.748,-7515.419,-7836.1436,1
74026.89030272077,-1865.9495,-1789.4492,2668.1606,-3804.6106,-1455.014,-1416.3871,1
74026.89363616097,6186.1577,5671.284,44.247,6117.2534,4554.633,5085.335,1
74026.89696960118,3090.8784,2882.015,-1854.2039,3704.5483,1882.5858,2230.706,1
74026.90030304137,-9811.148,-9462.226,-1739.4897,-9345.819,-9059.087,-9302.64,1
74026.90363648157,-8957.872,-8598.043,-44.24565,-7939.848,-7543.2437,-8106.5527,1
74026.90696992177,-3561.9573,-3463.175,369.07996,-1431.6194,-3164.4915,-3283.4421,1
74026.91030336196,6019.567,5548.311,44.247,9785.527,4347.593,4910.7515,1
74026.91363680217,2356.946,2248.0696,-2817.497,6141.2446,1197.8073,1555.7766,1
74026.91697024237,-9716.033,-9367.193,-1665.8353,-7170.7495,-8948.766,-9084.1045,1
74026.92030368256,-8876.828,-8499.665,-44.24565,-7090.6025,-7620.7344,-7919.991,1
74026.92363712276,-1886.3323,-1758.737,2528.1555,-293.2312,-1439.9418,-1493.0405,1
74026.92697056297,6107.5146,5614.8965,44.247,8125.107,4336.523,5031.1333,1
74026.93030400317,2916.9229,2677.7725,-1990.6892,3789.3042,1717.3333,2108.2764,1
74026.93363744336,-9773.65,-9494.399,-1322.4579,-10804.104,-9045.22,-9245.0205,1
74026.93697088356,-8869.924,-8596.544,-44.24565,-10968.115,-7471.139,-7944.2476,1
74026.94030432375,-1156.7258,-1249.2874,3273.0332,-3415.666,-802.2072,-861.97015,1
74026.94363776396,6253.995,5706.0767,44.247,4775.187,4574.08,5198.23,1
74026.94697120416,3371.829,3002.316,-1454.3341,1523.9932,1961.4725,2630.5962,1
74026.95030464436,-9929.99,-9780.178,-1470.4105,-12682.688,-9213.863,-9207.804,1
74026.95363808455,-9303.962,-8984.959,-44.24565,-12194.7705,-7853.8037,-8316.173,1
74026.95697152476,-2555.3381,-2524.5896,1549.9832,-4658.335,-2149.5012,-2205.3687,1
74026.96030496496,6068.1934,5684.7812,44.247,5509.022,4438.846,5069.164,1
74026.96363840516,2335.1978,2184.4749,-2681.306,1979.6337,1129.6986,1668.031,1
74026.96697184535,-10176.389,-9896.238,-1700.0266,-11275.489,-9447.66,-9561.218,1
74026.97030528555,-8863.621,-8555.753,-44.24565,-9808.908,-7538.1577,-7919.093,1
74026.97363872576,-2834.808,-2811.5452,1454.4545,-2704.4192,-2517.552,-2580.0515,1
74026.97697216595,6679.0273,6109.4883,44.247,8587.65,4849.036,5522.242,1
74026.98030560615,2953.0332,2703.134,-2344.3857,5117.5874,1602.7849,2157.6887,1
74026.98363904635,-9959.896,-9621.538,-1732.4977,-8275.606,-9202.958,-9344.962,1
74026.98697248656,-9127.165,-8665.528,-44.24565,-7361.5938,-7702.7124,-8097.27,1
74026.99030592675,-2281.9373,-2216.2363,1659.462,14.836357,-1861.1355,-1966.5365,1
74026.99363936695,5974.242,5587.3027,44.247,9438.096,4376.3154,5013.4653,1
74026.99697280714,3306.8901,3203.2747,-1720.661,6166.9795,2277.39,2604.1423,1
74027.00030624734,-9861.805,-9466.604,-1323.6198,-8664.371,-9023.125,-9130.5,1
74027.00363968755,-9309.965,-8861.985,-44.24565,-9171,-7767.6367,-8231.726,1
74027.00697312775,-1686.296,-1582.3484,2911.084,-1973.865,-1285.7803,-1234.4645,1
74027.01030656794,6363.855,5907.3325,44.247,6423.3174,4772.7427,5318.3125,1
74027.01364000814,2772.559,2598.1438,-1942.7915,1935.27,1718.4601,2082.9402,1
74027.01697344834,-9622.297,-9337.01,-1294.5476,-11939.81,-8755.853,-8943.548,1
74027.02030688855,-8842.609,-8498.165,-44.24565,-11758.906,-7339.495,-7895.7354,1
74027.02364032874,-1884.6866,-1866.9943,2355.121,-4471.784,-1385.5778,-1493.2826,1
74027.02697376894,6521.141,6073.496,44.247,5128.6147,4939.691,5497.9863,1
74027.03030720913,3264.6987,3098.9517,-1962.293,1776.9434,2098.5017,2531.5417,1
74027.03364064934,-9308.044,-8870.717,-1339.1106,-11153.385,-8312.245,-8561.7295,1
74027.03697408954,-8177.7456,-7788.5205,-44.24565,-9528.624,-6703.117,-7132.42,1
74027.04030752974,-2099.8977,-1955.611,1612.4308,-2353.3872,-1688.508,-1742.9141,1
74027.04364096993,6523.5425,6015.309,44.247,8056.7593,4809.543,5374.011,1
74027.04697441013,3587.2336,3357.9976,-1917.9879,5446.0513,2361.2356,2758.2244,1
74027.05030785034,-9321.724,-9066.846,-1285.7954,-8189.994,-8561.689,-8717.301,1
74027.05364129053,-8551.15,-8143.043,-44.24565,-7487.7964,-7140.8325,-7596.8774,1
74027.05697473073,-825.8135,-810.3464,2980.0469,510.63422,-484.68716,-580.0589,1
74027.06030817093,6559.8623,6006.311,44.247,8811.578,4818.818,5444.9824,1
74027.06364161114,3383.0166,3104.8838,-1854.8613,5029.2017,2213.011,2666.6057,1
74027.06697505133,-9829.764,-9622.615,-1647.6213,-9476.985,-9073.41,-9117.032,1
74027.07030849153,-8835.105,-8471.471,-44.24565,-9268.725,-7400.231,-7838.539,1
74027.07364193173,-2561.71,-2448.059,1148.2712,-2734.802,-1940.0198,-2145.8135,1
74027.07697537192,6001.857,5481.1255,44.247,6511.4497,4391.275,4986.514,1
74027.08030881213,2886.4858,2647.3254,-2131.719,2721.3496,1751.7787,2206.5754,1
74027.08364225233,-9925.544,-9607.953,-1773.5188,-11385.955,-9066.588,-9226.385,1
74027.08697569252,-8761.565,-8389.889,-44.24565,-10733.097,-7333.8105,-7775.6533,1
74027.09030913272,-2224.574,-2222.4424,1237.351,-3987.7605,-1840.8756,-1962.1508,1
74027.09364257293,6984.8945,6443.3154,44.247,6560.012,5331.0317,5777.679,1
74027.09697601313,3542.052,3333.42,-1959.1792,2925.219,2325.5396,2732.5251,1
74027.10030945332,-8865.747,-8587.898,-1157.9855,-10296.273,-8118.879,-8352.467,1
74027.10364289352,-8646.302,-8335.301,-44.24565,-9948.301,-7256.3203,-7751.0977,1
74027.10697633371,-399.72467,-395.52466,3442.985,-770.8372,66.71707,-81.69872,1
74027.11030977393,6652.913,6186.8716,44.247,8033.6772,4978.286,5490.5,1
74027.11364321412,3520.393,3192.639,-1775.0142,5026.3584,2203.5225,2656.2422,1
74027.11697665432,-9620.499,-9295.321,-1476.7386,-8763.16,-8837.238,-8941.456,1
74027.12031009451,-8620.788,-8248.32,-44.24565,-7767.481,-7149.8086,-7633.112,1
74027.12364353471,-878.5046,-711.027,3141.252,411.5982,-351.14633,-511.61792,1
74027.12697697492,6682.6294,6144.881,44.247,8909.003,4943.58,5559.974,1
74027.13031041512,3556.6877,3267.1558,-1417.5021,5211.2637,2271.7861,2798.6475,1
74027.13364385531,-9410.134,-9132.139,-1144.9224,-9172.276,-8562.34,-8762.219,1
74027.13697729551,-8903.543,-8560.852,-44.24565,-9216.864,-7431.945,-7872.6772,1
74027.14031073572,-1219.2943,-1166.3248,2912.0815,-1554.7245,-770.9382,-875.26,1
74027.14364417591,6522.942,6068.0977,44.247,6990.1807,4877.7583,5431.8066,1
74027.14697761611,4031.1355,3859.1458,-814.5042,4113.883,2882.9023,3408.376,1
74027.15031,-9435.379,-9190.5,-1106.5465,-10750.022,-8667.0205,-8733.618,1
74027.15364,-8579.966,-8167.6377,-44.24565,-10342.198,-7115.4014,-7594.1826,1
74027.15697793671,-3265.0486,-3146.3335,105.806114,-4344.8345,-2868.9456,-2932.8582,1
74027.16031137691,6471.614,5949.6235,44.247,6606.7764,4595.622,5307.5317,1
74027.16364,3193.626,2971.6985,-2179.2031,3149.399,1955.8284,2302.07,1
74027.16698,-9178.935,-8996.693,-1281.26,-9983.202,-8478.656,-8615.695,1
74027.17031169751,-8224.871,-7967.8813,-44.24565,-9081.369,-6934.3916,-7366.8945,1
74027.17364513771,-813.04456,-989.33527,2626.493,-862.085,-568.3061,-623.57,1
74027.17698,6872.333,6214.4653,44.247,8349.634,5063.5557,5725.873,1
74027.18031,3295.9282,2952.5996,-2170.5293,4712.301,2068.9092,2547.7356,1
74027.18365,-9368.207,-9145.541,-1725.9839,-8542.745,-8559.308,-8742.588,1
74027.18698,-8431.984,-8144.5425,-44.24565,-8161.6772,-7087.278,-7474.4,1
74027.19031,-1237.1927,-1333.7944,2078.0806,-793.5736,-962.034,-983.92236,1
74027.19365,6643.608,6171.5747,44.247,7890.6875,5063.855,5545.6,1
74027.19698,3583.4636,3340.5525,-1709.0332,4026.6814,2446.842,2877.607,1
74027.20031,-9095.225,-8872.349,-1349.5237,-10204.327,-8233.15,-8451.016,1
74027.20365,-8245.583,-8005.9727,-44.24565,-9821.499,-6828.478,-7309.399,1
74027.20698,-645.4066,-730.6879,2629.8403,-1984.647,-229.95552,-423.51736,1
74027.21031297989,6624.9976,5913.331,44.247,6556.115,4908.575,5431.8066,1
74027.21364642009,3644.6377,3313.7,-1829.4738,3402.9321,2612.1145,2889.5208,1
74027.21698,-9203.582,-9008.382,-1480.5385,-10391.965,-8369.381,-8555.732,1
74027.22031,-8292.709,-8095.6533,-44.24565,-9588.878,-6906.2676,-7327.9653,1
74027.22364674069,-1769.41,-1775.5276,1639.1384,-2537.623,-1252.9133,-1457.1436,1
74027.22698018089,6499.829,5871.64,44.247,7090.9033,4902.292,5434.202,1
74027.23031,3004.45,2814.8748,-2287.5647,3464.065,1980.7004,2325.3833,1
74027.23365,-9689.649,-9407.424,-1501.078,-10056.972,-8802.2295,-9044.034,1
74027.23698050149,-8455.697,-8246.5205,-44.24565,-8998.033,-7054.666,-7529.7993,1
74027.24031394169,-1229.5015,-1360.4672,2347.6536,-1018.28235,-838.6101,-956.6705,1
74027.24364738188,6598.8833,5983.516,44.247,8170.372,4928.0225,5493.4946,1
74027.24698082209,3554.1135,3195.6855,-1932.3507,5096.213,2238.0989,2695.4045,1
74027.25031426229,-9569.671,-9503.73,-1581.6392,-9089.003,-8953.158,-9046.336,1
74027.25364770248,-8637.897,-8451.375,-44.24565,-8406.589,-7259.312,-7732.831,1
74027.25698114268,-2117.82,-2116.9985,1350.15,-1568.1782,-1671.4608,-1870.71,1
74027.26031458288,6479.118,5979.017,44.247,8198.85,4796.977,5376.1074,1
74027.26364802309,2958.158,2733.2073,-2246.6208,4097.079,1807.9229,2189.3064,1
74027.26698146328,-9720.835,-9463.554,-1573.727,-9650.28,-8887.481,-9130.772,1
74027.27031490348,-8466.203,-8158.9395,-44.24565,-8969.8545,-7037.6123,-7537.585,1
74027.27364834367,-1231.3591,-1247.1123,2139.6487,-1402.7966,-802.68494,-979.0999,1
74027.27698178389,6968.3853,6409.123,44.247,7832.2324,5181.736,5812.7153,1
74027.28031522408,4131.0386,3734.6284,-1478.4092,4372.7114,2825.286,3275.6357,1
74027.28364866428,-9282.092,-9174.427,-1185.8107,-10440.204,-8483.229,-8760.748,1
74027.28698210447,-8694.628,-8488.567,-44.24565,-10317.617,-7340.3926,-7799.61,1
74027.29031554467,-574.0355,-697.2337,2898.473,-2074.251,-267.0479,-342.92374,1
74027.29364898488,6443.999,5790.958,44.247,6014.4326,4723.376,5276.688,1
74027.29698242508,2579.9646,2312.7686,-2647.7861,1627.4741,1484.9716,1813.0487,1
74027.30031586527,-9683.235,-9454.32,-1738.1783,-11672.392,-8826.079,-9070.646,1
74027.30364930547,-8576.063,-8295.109,-44.24565,-10657.255,-7123.779,-7620.834,1
74027.30698274568,-1211.5233,-1319.7992,2417.8347,-2504.7266,-952.4225,-968.363,1
74027.31031618587,6932.666,6438.2163,44.247,7255.177,5288.547,5853.4414,1
74027.31364962607,3080.9988,2805.72,-2515.3584,3388.8484,2026.0894,2334.7686,1
74027.31698306627,-9606.039,-9484.462,-1797.8354,-9894.839,-8894.126,-9091.853,1
74027.32031650646,-8213.165,-7936.988,-44.24565,-8288.4795,-6828.7773,-7307.3027,1
74027.32364994667,-537.7231,-662.5335,2458.09,244.90927,-230.31505,-385.71503,1
74027.32698338687,6697.6377,6066.298,44.247,8930.586,4884.939,5409.9463,1
74027.33031682706,3507.9453,3238.5662,-1816.7792,5588.675,2255.5237,2656.0261,1
74027.33365026726,-9287.78,-9003.094,-1411.079,-8353.016,-8440.267,-8648.29,1
74027.33698370747,-8123.1157,-7737.8315,-44.24565,-7589.718,-6672.301,-7115.6504,1
74027.34031714767,879.97253,809.01184,4421.51,1443.4517,1286.4988,1208.259,1
74027.34365058786,6462.609,5920.23,44.247,7728.812,4889.1274,5410.2456,1
74027.34698402806,3495.8347,3243.0461,-1330.5885,4033.1313,2490.4202,2873.0159,1
74027.35031746826,-9869.048,-9617.769,-1373.9803,-10687.397,-8862.1,-9117.262,1
74027.35365090847,-8970.779,-8666.429,-44.24565,-10405.449,-7497.767,-7950.536,1
74027.35698434866,-1748.5344,-1734.7135,2138.6475,-2880.805,-1265.1658,-1388.189,1
74027.36031778886,6484.521,5998.5127,44.247,6259.6436,4928.0225,5421.9243,1
74027.36365122905,2403.4934,2174.448,-2689.582,1857.8914,1354.2284,1593.6381,1
74027.36698466926,-9790.895,-9502.783,-1670.2969,-11338.303,-8937.462,-9146.226,1
74027.37031810946,-8618.687,-8341.3,-44.24565,-10192.313,-7228.4956,-7744.51,1
74027.37365154966,-623.749,-645.8,3143.7698,-1561.1787,-138.44913,-372.95898,1
74027.37698498985,6620.1953,6111.288,44.247,7234.4927,5047.9976,5463.549,1
74027.38031843005,3448.3823,3248.463,-1439.3606,4094.7178,2443.834,2666.7756,1
74027.38365187026,-9363.573,-9077.071,-1194.6781,-9486.367,-8458.248,-8821.058,1
74027.38698531046,-8531.64,-8230.624,-44.24565,-8629.617,-7019.0625,-7695.099,1
74027.39031875065,604.4841,558.01514,4513.1616,1204.0582,978.56067,733.3149,1
74027.39365219085,6591.079,6032.4053,44.247,8473.738,4912.7637,5325.4995,1
74027.39698563104,3531.2505,3296.3682,-1801.6273,5223.5703,2325.4463,2659.2559,1
74027.40031907125,-9586.443,-9356.882,-1435.7222,-8915.668,-8801.194,-9097.387,1
74027.40365251145,-8826.7,-8510.763,-44.24565,-8557.073,-7386.767,-7977.1875,1
74027.40698595165,-1006.8722,-1062.7712,2442.591,-412.18906,-541.35425,-757.7163,1
74027.41031939184,5839.168,5403.1426,44.247,7326.522,4241.979,4703.5273,1
74027.41365283205,2110.9846,2088.7249,-2602.968,2752.6096,1238.5725,1468.0557,1
74027.41698627225,-10338.173,-9832.43,-1857.5211,-11182.997,-9203.264,-9485.701,1
74027.42031971244,-9294.356,-8858.986,-44.24565,-10919.253,-7746.6934,-8185.909,1
74027.42365315264,-1649.3885,-1607.6936,2017.8787,-3272.199,-1177.9963,-1272.908,1
74027.42698659284,6019.867,5530.915,44.247,5400.5054,4307.202,4903.265,1
74027.43032003305,2185.004,1966.032,-2628.7046,1218.5282,942.3083,1390.6619,1
74027.43365347324,-9873.602,-9581.873,-1761.9519,-11665.589,-8928.838,-9343.867,1
74027.43698691344,-8593.473,-8279.513,-44.24565,-10288.239,-7216.827,-7782.8403,1
74027.44032035363,-969.9183,-1027.0668,2131.7673,-1597.0961,-660.8639,-826.35004,1
74027.44365379385,6561.363,6038.104,44.247,7613.401,4816.7236,5347.06,1
74027.44698723404,3560.1152,3381.1255,-1747.8837,4770.2036,2486.7737,2754.0503,1
74027.45032067424,-9552.319,-9264.674,-1435.3181,-9172.882,-8664.214,-8918.918,1
74027.45365411443,-8615.686,-8232.123,-44.24565,-8414.683,-7116.8975,-7662.758,1
74027.45698755463,-583.21515,-539.3909,2826.2747,-112.51956,-87.3135,-261.794,1
74027.46032099484,6347.046,5855.7437,44.247,7806.1523,4672.5137,5304.238,1
74027.46365443504,2876.047,2696.3,-1569.7678,3579.3872,1907.8016,2233.65,1
74027.46698787523,-9619.507,-9210.54,-1063.7874,-10307.593,-8658.67,-8917.974,1
74027.47032131543,-9176.992,-8772.006,-44.24565,-10422.236,-7594.1064,-8174.829,1
74027.47365475564,-1433.7865,-1401.9657,2694.395,-2436.9333,-958.10535,-1149.7651,1
74027.47698819583,6052.585,5656.2876,44.247,6019.229,4505.5654,5073.9556,1
74027.48032163603,2104.2112,1951.056,-2572.2637,1945.8387,1122.068,1457.9053,1
74027.48365507623,-10348.534,-10042.416,-1591.6113,-11205.123,-9445.541,-9577.111,1
74027.48698851642,-8886.133,-8485.868,-44.24565,-9495.649,-7459.7695,-7909.211,1
74027.49032195663,-994.16766,-860.6254,2841.0542,-480.10815,-618.82947,-621.07324,1
74027.49365539683,6122.223,5769.363,44.247,8190.1567,4506.164,5066.7686,1
74027.49698883703,2874.8171,2901.0354,-1702.1456,4923.3667,1957.0535,2283.6501,1
74027.50032227722,-9810.183,-9449.845,-1307.5892,-8816.332,-8936.577,-9094.996,1
74027.50365571743,-8679.32,-8291.211,-44.24565,-8275.89,-7249.439,-7702.8853,1
74027.50698915763,-1077.1914,-1045.7262,2566.2593,-460.09833,-722.993,-814.9275,1
74027.51032259782,6427.79,5938.2256,44.247,7665.2607,4691.662,5246.742,1
74027.51365603802,2646.8462,2458.766,-2218.4773,3081.8726,1498.6149,1867.1484,1
74027.51698947822,-9689.292,-9444.408,-1423.4475,-10471.753,-8912.012,-9048.331,1
74027.52032291843,-8350.04,-7990.6763,-44.24565,-9825.995,-7024.747,-7427.6846,1
74027.52365635862,-1213.3398,-1172.9548,2233.1382,-2651.0825,-804.3474,-933.6237,1
74027.52698979882,6296.9185,5902.234,44.247,5800.3975,4704.228,5209.6094,1
74027.53032323901,2326.505,2204.8027,-2380.3242,1546.942,1429.4614,1730.3845,1
74027.53365667921,-10167.127,-9678.707,-1748.7107,-11832.209,-9065.491,-9385.127,1
74027.53699011942,-9125.063,-8727.615,-44.24565,-10703.72,-7487.8936,-8013.721,1
74027.54032355962,-2234.2107,-2086.0332,1365.9479,-2998.7722,-1655.0856,-1780.752,1
74027.54365699981,5996.7544,5517.418,44.247,6689.8125,4455.9,4957.467,1
74027.54699044001,3329.8257,3212.864,-1459.5382,3893.4275,2285.6316,2721.8462,1
74027.55032388022,-10072.953,-9858.952,-1222.0242,-9963.751,-9292.786,-9453.171,1
74027.55365732042,-8977.914,-8710.348,88.79635,-8876.981,-7542.743,-8107.967,1
74027.55699076061,-1747.4174,-1728.4388,1987.6741,-880.42664,-1331.1173,-1549.1964,1
74027.56032420081,5991.3516,5462.8296,44.247,8063.9536,4261.127,4804.4443,1
74027.56366,2122.534,2019.9744,-2531.676,3902.0083,1114.8634,1412.7554,1
74027.56699108121,-10173.486,-9737.781,-1638.6432,-9464.572,-9233.106,-9446.962,1
74027.57032452141,-9074.937,-8605.842,-44.24565,-8603.237,-7549.527,-8018.2134,1
74027.57366,-2017.0657,-1789.0198,1483.4293,-1410.8516,-1545.36,-1619.6658,1
74027.57699,6660.117,6301.4463,44.247,7999.803,5042.0137,5676.463,1
74027.58032484201,1898.984,1877.9187,-3114.1763,2245.1948,942.9248,1336.5414,1
74027.58365828221,-10411.867,-10036.529,-1781.0153,-11606.324,-9456.865,-9615.815,1
74027.58699,-9063.2295,-8687.424,-44.24565,-10903.665,-7530.0796,-7947.5415,1
74027.59033,-2833.4688,-2764.8784,544.34283,-4405.4043,-2359.279,-2564.2236,1
74027.59366,6146.8364,5618.4956,44.247,5575.5703,4426.8784,5020.053,1
74027.59699,2753.2178,2475.6553,-2107.7668,1794.958,1641.4293,2032.5238,1
74027.60033,-9809.26,-9545.713,-1257.0265,-11557.245,-8964.302,-9159.083,1
74027.60366,-8813.493,-8354.797,-44.24565,-10247.471,-7337.7,-7766.37,1
74027.60699,-47.71392,63.115276,3459.5024,-380.87698,314.43338,325.90707,1
74027.61033,6130.327,5705.177,44.247,7425.446,4397.259,5035.3257,1
74027.61366,2893.5337,2865.9958,-1517.8748,4286.3716,1973.0891,2277.6025,1
74027.61699,-9959.166,-9601.742,-1183.699,-9213.376,-8988.857,-9169.449,1
74027.62033,-8822.198,-8347.599,-44.24565,-7874.7983,-7231.7866,-7809.1924,1
74027.62365956459,-1396.9255,-1313.4259,2239.3604,284.29858,-999.32544,-1138.705,1
74027.62699,6311.927,5901.034,44.247,9294.806,4664.4355,5195.535,1
74027.63033,1512.6779,1313.4485,-3059.9314,3917.614,403.4954,739.43384,1
74027.63365988519,-10103.299,-9693.404,-1717.7892,-8957.864,-9138.527,-9413.383,1
74027.63699332539,-8673.017,-8356.597,-44.24565,-8342.438,-7322.7407,-7716.9595,1
74027.64032676558,-2957.3918,-2833.32,188.40395,-2677.5813,-2570.0696,-2645.3696,1
74027.64366,6531.0464,6137.682,44.247,7260.8726,4902.292,5411.7427,1
74027.64699364599,2291.9597,2137.6875,-2756.3398,2030.7765,1234.6222,1624.8962,1
74027.65032708619,-9729.897,-9387.827,-1446.356,-11569.631,-8814.058,-8968.53,1
74027.65366052638,-8559.555,-8203.93,-44.24565,-10811.337,-7194.089,-7589.6904,1
74027.65699,-385.51093,-469.30795,2719.8728,-2339.0884,-154.65067,-208.86166,1
74027.66032740679,6882.5386,6390.527,44.247,6107.361,5064.154,5598.9033,1
74027.66366084699,3932.5525,3595.6597,-1153.4148,2805.7039,2655.1775,3038.9214,1
74027.66699428718,-9041.688,-8899.589,-1099.3285,-11020.283,-8462.748,-8560.674,1
74027.67032772738,-8507.025,-8318.205,-44.24565,-10602.997,-7374.5005,-7714.564,1
74027.67366116759,1146.9,895.6105,4519.3545,13.784676,1288.4283,1258.794,1
74027.67699460778,6109.916,5522.8164,44.247,6538.4287,4369.733,4923.0293,1
74027.68032804798,2959.4202,2743.2146,-1605.4291,3407.0706,1859.7225,2218.588,1
74027.68366148818,-10489.341,-10155.095,-1605.8141,-10728.819,-9560.299,-9746.57,1
74027.68699492839,-9337.88,-8938.769,-44.24565,-9570.592,-7877.739,-8220.047,1
74027.69032836858,-3219.541,-3014.5537,636.4924,-2789.912,-2727.8599,-2792.657,1
74027.69366180878,5969.4395,5631.693,44.247,7798.3584,4318.8706,4939.2,1
74027.69699524897,1382.5944,1409.4706,-3261.8047,3012.3337,475.09967,760.11255,1
74027.70032868917,-10032.63,-9698.638,-1410.439,-9316.497,-9185.519,-9363.134,1
74027.70366212938,-8639.998,-8283.712,-44.24565,-8200.048,-7237.7705,-7745.408,1
74027.70699556958,-1161.504,-1217.0287,2092.9814,-161.6212,-962.62335,-1057.9799,1
74027.71032900977,6491.1245,5919.9297,44.247,8732.14,4603.999,5148.5205,1
74027.71366244997,2806.4983,2440.208,-2042.1549,4716.304,1538.9808,1903.5725,1
74027.71699589018,-9808.237,-9628.019,-1579.9503,-8908.103,-9086.768,-9409.789,1
74027.72032933038,-7872.002,-7724.2954,559.8613,-7502.4126,-6645.0327,-7125.4297,1
74027.72366277057,-37.12589,-169.34256,3135.9866,337.97888,146.2094,88.51414,1
74027.72699621077,6767.5757,6140.0815,44.247,7584.623,4772.4434,5481.516,1
74027.73032965096,3515.3315,3182.463,-1547.655,3328.2578,2291.6672,2748.73,1
74027.73366309117,-9388.499,-9219.555,-1014.30786,-11231.041,-8574.957,-8819.282,1
74027.73699653137,-8619.587,-8418.383,-44.24565,-11198.638,-7184.5146,-7709.174,1
74027.74032997157,-810.35736,-952.0789,2819.3298,-3409.1018,-482.41794,-639.5123,1
74027.74366341176,6412.7817,5793.9575,44.247,4844.7334,4725.1714,5272.4956,1
74027.74699685197,2491.478,2126.536,-1710.7256,613.8727,1429.909,1827.7015,1
74027.75033029217,-9882.636,-9597.506,-1362.2651,-12441.733,-8906.46,-9194.191,1
74027.75366373236,-9134.669,-8851.788,-44.24565,-11310.152,-7705.106,-8181.1177,1
74027.75699717256,-2287.4329,-2171.0122,989.3394,-3177.0686,-1827.0833,-1981.2466,1
74027.76033061276,6209.8706,5775.3613,44.247,7135.8687,4632.4224,5177.568,1
74027.76366405297,2295.7402,2225.3096,-2169.3103,3685.5767,1414.4808,1707.0531,1
74027.76699749316,-10355.349,-9922.494,-1461.1912,-9309.837,-9315.005,-9555.298,1
74027.77033093336,-8730.648,-8313.105,-44.24565,-7334.6143,-7221.6143,-7709.174,1
74027.77366437356,-2292.6187,-2221.859,885.7826,1.3880281,-1824.1167,-2033.6395,1
74027.77699781375,6452.7036,5873.44,44.247,10058.018,4674.907,5274.292,1
74027.78033125396,2452.6877,2214.7324,-2515.0095,5580.092,1332.8127,1635.8911,1
74027.78366469416,-9605.334,-9452.102,-1562.5122,-7485.425,-8812.024,-9130.2,1
74027.78699813435,-8479.411,-8336.801,-44.24565,-6975.7905,-7229.9917,-7685.816,1
74027.79033157455,-268.67014,-470.19232,2246.9646,1160.3872,-109.95608,-197.89435,1
74027.79366501476,6536.1494,6026.4067,44.247,8255.206,4937.5967,5314.12,1
74027.79699845496,2776.4875,2575.4338,-2038.294,3219.6921,1855.3915,2122.651,1
74027.80033189515,-9995.576,-9623.152,-1401.9899,-11659.025,-8867.881,-9160.932,1
74027.80366533535,-9097.448,-8656.831,-44.24565,-11902.496,-7409.2065,-7968.204,1
74027.80699877554,-989.4963,-860.7927,2683.526,-4037.9612,-343.55923,-567.11383,1
74027.81033221575,5882.992,5593.601,44.247,3547.9324,4510.652,4965.253,1
74027.81366565595,1425.2307,1380.7244,-2770.2163,-1427.5577,847.52655,985.44855,1
74027.81699909615,-10306.838,-10052.379,-1387.7356,-13805.93,-9208.548,-9508.407,1
74027.82033253634,-8494.719,-8190.4326,-44.24565,-11469.03,-6891.607,-7566.6323,1
74027.82366597655,51.844357,-49.99995,3417.881,-1422.5741,518.6236,190.03079,1
74027.82699941675,6588.378,6045.0024,44.247,7485.999,4982.176,5335.9805,1
74027.83033285695,3365.6272,3079.3323,-1205.0739,5043.778,2461.331,2569.0647,1
74027.83366629714,-9992.799,-9705.786,-1352.3822,-8285.439,-8937.283,-9378.962,1
74027.83699973734,-8318.8955,-7941.6826,578.22235,-6087.128,-6724.2075,-7392.451,1
74027.84033317755,-244.51692,-169.96579,3301.985,2994.3928,234.67322,6.070485,1
74027.84366661774,6444.8994,6081.8945,44.247,10847.909,4889.427,5319.8096,1
74027.84700005794,1944.885,1952.4889,-2693.093,5690.563,1014.92596,1286.8318,1
74027.85033349814,-9992.148,-9659.997,-1360.4623,-7961.5996,-9089.267,-9383.571,1
74027.85366693835,-8743.555,-8358.096,-44.24565,-7728.8105,-7290.727,-7886.153,1
74027.85700037854,-1346.645,-1419.5729,1905.1277,-915.1366,-1032.9053,-1280.2753,1
74027.86033381874,6567.366,6038.7036,44.247,7199.7197,4806.252,5233.566,1
74027.86366725893,2125.2463,1818.0497,-2482.7012,1513.9215,1002.9384,1321.1865,1
74027.86700069913,-10075.354,-9841.585,-1671.0392,-12362.471,-9212.507,-9488.925,1
74027.87033413934,-9296.758,-8966.963,-44.24565,-12352.449,-7802.941,-8386.845,1
74027.87366757954,-487.74353,-470.8368,2285.3074,-3147.2725,-106.85443,-241.1991,1
74027.87700101973,6206.869,5862.642,44.247,4762.5967,4659.3496,5171.878,1
74027.88033445993,2230.874,2154.8376,-2313.4478,589.3892,1351.43,1652.9291,1
74027.88366790014,-10122.643,-9618.426,-1417.9854,-12380.84,-8918.51,-9314.3,1
74027.88700134034,-8754.961,-8279.8125,-44.24565,-10910.26,-7142.3286,-7693.003,1
74027.89033478053,-750.20337,-638.11035,2398.1038,-1855.078,-258.90823,-507.87195,1
74027.89366822073,6091.006,5460.43,44.247,6915.8384,4304.8086,4823.0107,1
74027.89700166092,2547.7134,2273.8237,-1956.8955,3630.7917,1403.8494,1717.9188,1
74027.90033510113,-9491.503,-9310.145,-1227.6927,-8754.846,-8742.164,-9059.103,1
74027.90366854133,-8386.96,-8142.143,-44.24565,-7310.633,-7113.307,-7604.963,1
74027.90700198153,-988.97504,-1141.963,1659.3536,985.18384,-988.6915,-976.4383,1
74027.91033542172,6432.593,5891.736,44.247,9666.52,4506.463,5124.8633,1
74027.91366886192,1511.7758,1513.72,-3009.179,4150.39,665.2321,872.43445,1
74027.91700230213,-10362.834,-9938.315,-1482.6923,-9142.365,-9269.343,-9603.042,1
74027.92033574232,-8878.629,-8524.56,-44.24565,-8713.553,-7310.1743,-7857.405,1
74027.92366918252,-1463.2316,-1414.848,1947.6646,-1565.9741,-1021.75085,-1120.9365,1
74027.92700262272,6623.797,6206.667,44.247,6863.978,4982.176,5478.8213,1
74027.93033606293,2470.2253,2255.604,-2004.385,1671.4487,1476.9489,1734.0945,1
74027.93366950312,-9665.354,-9498.874,-1044.9956,-11885.416,-8768.313,-9127.181,1
74027.93700294332,-8282.203,-8142.743,-44.24565,-10712.413,-7129.1646,-7516.623,1
74027.94033638352,1123.016,946.9503,4209.3984,-825.19055,1232.8013,1150.5532,1
74027.94366982371,6580.573,6018.308,44.247,6111.258,4755.0903,5228.176,1
74027.94700326392,2968.0696,2685.8567,-1271.7084,2542.455,1834.4711,2167.2788,1
74027.95033670412,-9909.477,-9648.19,-1316.2524,-10998.247,-8992.199,-9326.574,1
74027.95367014431,-9202.206,-8831.992,-44.24565,-9973.481,-7754.7715,-8242.506,1
74027.95700358451,-140.85431,-53.890575,3016.9604,-59.514095,211.07034,175.36975,1
74027.96033702472,6106.014,5795.457,44.247,7423.947,4535.7837,5052.3945,1
74027.96367046492,1961.6854,1940.8938,-2215.1387,3087.167,1038.2019,1409.968,1
74027.96700390511,-10142.02,-9703.302,-1372.8923,-10013.052,-9221.104,-9395.415,1
74027.97033734531,-8838.407,-8511.662,-44.24565,-8904.505,-7614.451,-7942.75,1
74027.97367,-2186.324,-2244.442,881.1182,-1766.3118,-2113.85,-2044.7413,1
74027.97700422572,6699.4385,6159.5776,44.247,8330.148,4727.2656,5410.8447,1
74027.98033766591,804.96204,631.6956,-3979.8665,2195.637,-356.6122,47.159264,1
74027.98367,-10144.121,-9903.358,-1513.7278,-9382.937,-9392.24,-9502.321,1
74027.987,-8701.532,-8328.103,-44.24565,-8138.595,-7355.6514,-7740.018,1
74027.99033798651,-819.19,-789.37756,1774.8441,249.69147,-519.49524,-549.01306,1
74027.99367142671,6501.03,6025.8066,44.247,8401.194,4716.196,5457.5596,1
74027.997,3674.4326,3512.574,-1021.3767,4841.1978,2604.7537,3146.944,1
74028.00034,-9249.926,-8894.774,-700.2559,-9573.027,-8323.809,-8439.207,1
74028.00367,-8195.756,-7800.218,-44.24565,-9730.069,-6672.0015,-7210.279,1
74028.00700518751,2033.1642,1905.3462,5557.986,310.74435,2200.3667,2251.9763,1
74028.01034,6255.196,5614.2964,44.247,5023.396,4377.811,5035.925,1
74028.01367,2935.2432,2653.1602,-989.6845,806.048,1729.4166,2166.2698,1
74028.01701,-10266.964,-10085.65,-1044.5286,-13470.716,-9555.361,-9697.198,1
74028.02034,-8949.768,-8696.722,-44.24565,-12125.824,-7691.044,-8067.923,1
74028.02367,-1609.4325,-1738.7212,1677.8315,-3942.4321,-1475.0183,-1522.8911,1
74028.02701,6108.7153,5644.59,44.247,5765.624,4230.011,4964.953,1
74028.03034,1023.71344,915.3256,-3238.845,997.15594,-51.22572,413.25507,1
74028.03367270909,-10216.761,-9643.615,-1469.6792,-10252.267,-9116.985,-9375.352,1
74028.03701,-9057.526,-8595.944,-44.24565,-8464.744,-7524.0957,-7971.198,1
74028.04034,-1082.2058,-1031.2684,1643.7372,670.588,-713.37244,-856.52313,1
74028.04367,6361.4536,5873.14,44.247,9732.469,4669.522,5166.787,1
74028.04700646989,2177.145,2001.758,-2638.2947,5245.8916,1148.3226,1392.6262,1
74028.05033991009,-9918.634,-9827.011,-1229.9714,-7958.498,-9192.791,-9473.201,1
74028.05367,-7951.039,-7796.048,201.67136,-6529.9277,-6740.8325,-7295.561,1
74028.05700679049,1150.1102,874.00226,3849.8765,2485.8916,1088.0625,1006.15204,1
74028.06034023069,7115.1655,6308.3447,44.247,9020.517,5099.4585,5585.727,1
74028.06367367088,3422.737,3019.5803,-989.5694,4230.6353,2337.534,2574.0908,1
74028.06701,-9626.449,-9458.201,-890.7239,-10546.551,-8779.133,-9094.337,1
74028.07034055129,-9072.234,-8815.196,-44.24565,-10877.286,-7630.6074,-8123.9214,1
74028.07367399149,-1007.5572,-942.3573,1951.8842,-2751.8845,-550.35895,-649.304,1
74028.07700743168,5472.668,5039.622,44.247,4381.89,3918.255,4525.9497,1
74028.08034087188,907.69025,816.39154,-2967.065,-984.42633,152.92949,438.27945,1
74028.08367431209,-11092.039,-10778.566,-1472.0764,-14029.657,-10029.815,-10253.358,1
74028.08700775228,-9159.282,-8854.787,-44.24565,-12204.363,-7710.192,-8050.5547,1
74028.09034119248,-1981.8783,-2042.6465,1499.5626,-4219.918,-1698.4912,-1710.7537,1
74028.09367463268,6194.262,5659.2866,44.247,5637.6226,4564.805,5102.7036,0
74028.09700807289,2231.614,2001.3666,-1850.4485,1953.7019,1279.8754,1593.3403,0
74028.10034151308,-10016.859,-9769.216,-1177.3491,-10500.945,-9149.863,-9387.989,0
74028.10367495328,-8605.267,-8199.459,32.50935,-8208.427,-7202.3037,-7643.4985,0
74028.10700839348,-259.38364,-250.71588,2650.2195,1504.9215,-8.715735,-87.8629,0
74028.11034183367,6331.4375,5825.7505,44.247,10067.61,4548.948,5158.4023,0
74028.11367527388,3155.821,3049.4844,-1210.5247,6750.691,2171.331,2591.6292,0
74028.11700871408,-9286.96,-8958.807,-891.3178,-6568.61,-8412.317,-8550.517,0
74028.12034215427,-8229.074,-7878.5005,-44.24565,-6187.398,-6811.4243,-7239.925,0
74028.12367559447,-497.8223,-549.0197,2066.7844,1342.3176,-195.55167,-346.01566,0
74028.12700903468,6354.85,5655.088,44.247,8097.528,4476.2446,5119.473,0
74028.13034247488,2002.8374,1694.737,-2411.6177,2161.097,872.6591,1266.4175,0
74028.13367591507,-10084.696,-9913.784,-1376.017,-12133.488,-9228.55,-9490.702,0
74028.13700935527,-8957.872,-8830.192,-44.24565,-12217.554,-7732.6313,-8078.1045,0
74028.14034279546,-1261.1044,-1452.76,1526.3877,-4727.4976,-1067.3678,-1059.5115,0
74028.14367623568,6106.9146,5568.4067,44.247,3362.9749,4415.8086,5008.3745,0
74028.14700967587,2095.1118,1919.8251,-1787.1489,-1051.5494,1146.7477,1669.1024,0
74028.15034311607,-10343.324,-10062.841,-1229.234,-14148.084,-9372.411,-9442.37,0
74028.15367655626,-9024.209,-8595.944,-44.24565,-12474.755,-7377.7915,-7838.2397,0
74028.15700999646,1106.8474,1119.6084,3869.53,-707.24097,1569.6414,1567.368,0
74028.16034343667,6196.3633,5768.163,44.247,6557.6143,4578.867,5168.8833,0
74028.16367687687,2877.5884,2721.8152,-1437.0994,4083.689,1849.6405,2329.4304,0
74028.16701031706,-9860.23,-9536.373,-1165.9824,-8468.909,-8955.707,-9211.802,0
74028.17034375726,-8320.323,-7992.4756,-44.24565,-6262.3403,-6950.8467,-7475.897,0
74028.17367719747,-200.5023,-315.57358,2662.6553,2937.875,-100.35789,-148.35193,0
74028.17701063766,6795.191,6279.2515,44.247,11392.89,4929.5186,5521.0444,0
74028.18034407786,1725.5245,1581.3805,-2516.574,5717.645,748.3733,1071.1228,0
74028.18367751806,-9799.532,-9394.369,-1175.4232,-7258.773,-8658.326,-9074.996,0
74028.18701095825,-8983.986,-8533.857,-44.24565,-7392.4697,-7433.74,-7981.0806,0
74028.19034439846,-573.8787,-484.26678,2623.0754,560.16254,-130.91812,-238.64714,0
74028.19367783866,6454.2046,6144.281,44.247,7542.955,4944.478,5492.297,0
74028.19701127885,1939.6934,1926.3121,-2059.6355,1517.3158,1188.7688,1529.6475,0
74028.20034471905,-10180.621,-9799.6455,-1083.6519,-12537.089,-9000.29,-9249.403,0
74028.20367815926,-8785.578,-8426.181,-44.24565,-12177.085,-7224.008,-7681.025,0
74028.20701159946,-59.604908,-139.44122,2667.459,-3367.1335,67.39805,158.85841,0
74028.21034503965,6446.1,5827.25,44.247,4187.04,4556.727,5238.956,0
74028.21367847985,3099.2266,2795.0657,-1149.4316,508.97253,2074.5347,2397.668,0
74028.21701192005,-9592.307,-9394.195,-870.9553,-12773.19,-8675.23,-8945.901,0
74028.22034536026,-8092.339,-7710.385,337.72336,-10750.72,-6577.8535,-7150.5254,0
74028.22367880045,2149.198,2130.597,4851.273,885.1954,2447.32,2383.109,0
74028.22701224065,6235.385,5857.8433,44.247,6928.728,4598.614,5106.896,0
74028.23034568084,2723.967,2705.6987,-1285.6749,3807.394,1811.1807,2173.529,0
74028.23367912105,-10224.533,-9788.66,-1298.0432,-9460.987,-9195.553,-9516.98,0
74028.23701256125,-8546.647,-8000.874,-44.24565,-7492.8926,-7152.202,-7569.028,0
74028.24034600145,-1963.7509,-1872.7128,243.82262,23.990017,-1786.5587,-1823.7174,0
74028.24367944164,6331.4375,6039.3037,44.247,9711.186,4605.7944,5144.927,0
74028.24701288184,831.14624,813.27594,-3420.7651,3872.6177,-232.68951,107.00065,0
74028.25034632205,-10122.506,-9711.996,-1566.4607,-8166.4688,-9199.256,-9526.87,0
74028.25367976225,-8767.268,-8310.406,-44.24565,-7157.4507,-7386.169,-7861.597,0
74028.25701320244,-764.11914,-621.0385,1799.2561,944.4179,-479.38867,-552.3157,0
74028.26034664264,6460.808,6171.275,44.247,8735.137,4817.023,5349.456,0
74028.26368008285,1634.5521,1720.9863,-2481.481,2788.5525,793.9039,1058.7135,0
74028.26701352304,-9990.552,-9500.61,-1202.9922,-10343.725,-9016.656,-9153.113,0
74028.27034696324,-8551.75,-7978.6787,-44.24565,-9768.439,-7075.31,-7484.581,0
74028.27368040344,1217.2845,1298.3916,4124.2383,-113.55943,1501.2216,1468.6388,0
74028.27701384363,6347.646,5968.519,44.247,5605.5474,4606.692,5230.871,0
74028.28034728384,2943.3286,2837.9473,-1068.7792,1182.1033,1934.4658,2302.3223,0
74028.28368072404,-9899.884,-9596.482,-856.08136,-12868.509,-9007.288,-9295.364,0
74028.28701416423,-8375.254,-8012.871,-44.24565,-11672.273,-7010.0864,-7522.9116,0
74028.29034760443,-503.3786,-451.92288,2668.5603,-3115.363,-262.04675,-337.2394,0
74028.29368104463,6572.169,6185.672,44.247,5401.105,4882.246,5433.3037,0
74028.29701448484,1330.5398,1310.6312,-2526.3687,237.18532,498.16327,804.49854,0
74028.30034792503,-9773.719,-9266.598,-968.9646,-11323.941,-8664.311,-8889.333,0
74028.30368136523,-8874.127,-8399.787,-44.24565,-9964.788,-7272.776,-7790.3267,0
74028.30701480542,-1820.5623,-1662.1666,1513.2534,-1682.4839,-1338.8866,-1463.7651,0
74028.31034824564,6236.8857,5984.4155,44.247,8224.03,4721.581,5215.898,0
74028.31368168583,1435.0208,1370.6794,-2409.325,3501.076,628.2694,896.5964,0
74028.31701512603,-10135.416,-9770.1875,-1243.4437,-8660.493,-9120.875,-9387.929,0
74028.32034856622,-8612.384,-8248.92,-44.24565,-7244.9834,-7130.062,-7631.914,0
74028.32368200642,-823.40326,-888.2872,1550.2744,1103.5599,-659.4886,-700.0042,0
74028.32701544663,6630.401,6041.4033,44.247,9633.545,4907.6772,5388.3853,0
74028.33034888683,2569.5686,2381.6453,-1740.8253,5007.705,1622.3832,1886.1536,0
74028.33368232702,-10016.321,-9750.398,-1238.5776,-8811.538,-8857.09,-9364.446,0
74028.33701576722,-8850.413,-8516.461,-44.24565,-8142.1924,-7274.87,-7875.0728,0
74028.34034920743,340.6513,293.13577,2590.584,924.81726,705.2798,539.15375,0
74028.34368264762,6101.8115,5581.3037,44.247,7360.6953,4559.1206,5034.4272,0
74028.34701608782,2398.077,2198.8909,-1580.5297,2614.4734,1639.4304,1925.0222,0
74028.35034952802,-10082.178,-9755.351,-1357.1337,-11503.042,-8888.167,-9271.237,0
74028.35368296821,-9115.874,-8871.948,22.27535,-11477.151,-7586.8247,-7995.1133,0
74028.35701640842,292.61615,213.61098,2313.8513,-2044.678,599.4406,584.53436,0
74028.36034984862,6699.4385,6128.684,44.247,4981.728,5016.5825,5563.268,0
74028.36368328882,1458.3962,1211.0359,-3079.244,-1062.0337,604.94525,893.41254,0
74028.36701672901,-9970.926,-9691.904,-1337.234,-13314.108,-8906.056,-9188.49,0
74028.37035016922,-8403.469,-8021.2695,-44.24565,-11496.908,-6848.8228,-7449.245,0
74028.37368360942,-593.5104,-667.929,1977.1786,-2558.6406,-376.07205,-399.5445,0
74028.37701704961,6822.8057,6372.231,44.247,6888.2593,5165.2803,5667.7783,0
74028.38035048981,2167.079,2017.0675,-2136.2263,2811.9873,1228.1069,1543.6005,0
74028.38368,-9445.039,-9094.135,-1081.3333,-8666.488,-8439.319,-8776.737,0
74028.38701737022,-8104.4688,-7823.8657,-31.00165,-6572.5474,-6800.2744,-7263.514,0
74028.39035081041,405.92035,320.32098,2682.0947,3051.1797,574.46246,429.21387,0
74028.39368425061,6801.7944,6342.5376,44.247,10974.412,5029.747,5517.451,0
74028.39702,2844.3284,2675.8552,-1554.9363,6420.394,1839.1316,2033.1793,0
74028.40035113101,-9432.563,-9265.4,-882.8082,-7363.602,-8604.356,-8942.071,0
74028.40368457121,-8350.34,-8206.929,-44.24565,-7170.341,-7056.162,-7601.669,0
74028.40702,1036.6763,737.1641,3611.0137,1814.7039,1009.74457,1028.9933,0
74028.41035,6331.137,5694.379,44.247,7069.6196,4418.202,5011.6685,0
74028.41368,1504.7092,1390.2913,-2511.9797,858.85834,606.3833,859.09216,0
74028.41701833201,-9819.644,-9505.345,-1050.1697,-12300.889,-8845.919,-9139.38,0
74028.42035,-8615.985,-8182.6343,-44.24565,-11667.776,-7144.423,-7579.509,0
74028.42369,-595.44293,-533.6126,2155.5845,-3436.147,-137.0467,-294.90195,0
74028.42702,5965.2373,5502.121,44.247,4242.497,4308.9976,4856.55,0
74028.43035,1455.8247,1278.0658,-2203.959,-273.35336,546.64594,916.99603,0
74028.43369,-10237.172,-9819.677,-1307.8684,-12070.067,-9203.751,-9431.35,0
74028.43702,-9062.329,-8708.72,-44.24565,-10219.592,-7616.8447,-8119.1304,0
74028.44035,-428.468,-528.5724,1980.0542,-147.84099,-299.1295,-343.16983,0
74028.44368585359,6215.5737,5640.391,44.247,8378.112,4326.65,4988.0117,0
74028.44702,2201.6086,1955.8427,-1849.488,4562.182,1019.4494,1555.4641,0
74028.45035,-9997.641,-9682.606,-1113.0961,-8205.144,-9084.673,-9287.012,0
74028.45369,-8392.964,-7960.9824,-44.24565,-6639.15,-6875.152,-7423.1924,0
74028.45701961439,198.79688,309.45844,2874.7092,2303.967,533.3063,337.72635,0
74028.46035305459,6459.307,5971.5186,44.247,9110.148,4728.163,5259.6187,0
74028.46369,1833.7891,1717.7606,-1833.6838,3172.735,1020.9363,1233.3738,0
74028.46702,-10126.711,-9858.068,-1021.70294,-10442.32,-9036.204,-9374.752,0
74028.47035337519,-8848.913,-8576.748,-44.24565,-10056.518,-7343.983,-7880.1636,0
74028.47368681539,-1280.7487,-1363.7152,1397.2517,-2441.0403,-1044.423,-1130.6399,0
74028.47702,6760.072,6183.5723,44.247,6367.8604,4999.828,5509.3657,0
74028.48035369579,1347.8918,1121.951,-2619.9084,48.41902,398.25418,746.1327,0
74028.48368713599,-10090.691,-9867.066,-910.8325,-12592.864,-9018.552,-9382.538,0
74028.48702057618,-8958.473,-8758.208,-44.24565,-11604.825,-7533.0713,-8008.0317,0
74028.49035401638,900.2621,808.7531,3687.384,-859.8995,1192.299,1111.9396,0
74028.49368745659,5951.1294,5334.458,44.247,5865.747,4174.0625,4738.564,0
74028.49702089679,1718.0938,1535.0148,-2033.5784,1660.3475,781.34937,1114.5002,0
74028.50035433698,-10532.233,-10325.666,-1192.2036,-11038.262,-9558.89,-9813.457,0
74028.50368777718,-8732.305,-8442.493,7.82735,-8997.221,-7339.4814,-7773.889,0
74028.50702121739,-291.5432,-372.29474,2375.629,403.63486,-221.0776,-182.10419,0
74028.51035465758,6374.961,5759.7646,44.247,8654.499,4337.7197,5077.2495,0
74028.51368809778,2068.309,1830.5184,-1761.5488,3975.6367,1034.4022,1395.1604,0
74028.51702153798,-9959.477,-9748.837,-1136.0989,-8846.886,-9084.878,-9388.447,0
74028.52035497817,-8579.365,-8241.421,-44.24565,-7809.4487,-7184.814,-7827.1597,0
74028.52368841838,-984.84375,-1005.666,1180.8127,145.28384,-843.19086,-1068.1583,0
74028.52702185858,6458.1064,5971.8184,44.247,8484.53,4607.5894,5136.542,0
74028.53035529878,972.8305,820.3177,-2974.9463,2198.1328,25.124561,291.56818,0
74028.53368873897,-10035.762,-9735.395,-1054.0651,-10327.209,-9086.169,-9439.436,0
74028.53702217918,-8452.696,-8145.742,-44.24565,-9355.657,-7145.321,-7543.275,0
74028.54035561938,160.79648,64.182884,2467.195,-709.57654,273.5191,238.87326,0
74028.54368905957,6603.3857,6122.9854,44.247,6506.953,4862.4995,5366.2256,0
74028.54702249977,2555.1616,2323.5415,-1437.3934,1596.7759,1598.2018,1887.9069,0
74028.55035593997,-10078.3545,-9884.041,-1013.37866,-12178.696,-9189.273,-9418.463,0
74028.55368938018,-7799.0854,-7517.1226,875.61035,-10165.17,-6430.709,-6912.095,0
74028.55702282037,2621.0881,2380.897,5417.3906,882.057,2632.5466,2684.4976,0
74028.56035626057,6115.619,5497.622,44.247,5829.1753,4226.421,4834.6895,0
74028.56368970076,2284.3684,2045.1448,-1286.7426,2005.5945,1262.4125,1682.9951,0
74028.56702314096,-10104.499,-9878.464,-1027.3962,-11006.786,-9241.448,-9381.939,0
74028.57035658117,-8798.485,-8580.947,-44.24565,-9673.413,-7467.2495,-7822.668,0
74028.57369002137,-1139.2479,-1183.949,1460.0343,-1192.7927,-891.71344,-945.1824,0
74028.57702346156,6144.135,5499.422,44.247,7485.699,4065.1572,4986.215,0
74028.58035690176,178.6879,82.09948,-3696.867,1303.5028,-850.71606,-340.7464,0
74028.58369034197,-10178.34,-9851.17,-1195.7994,-9921.622,-9448.488,-9383.138,0
74028.58702378217,-8812.893,-8507.463,-44.24565,-8807.9795,-7637.788,-7915.2,0
74028.59035722236,-2159.1353,-2181.9685,84.70113,-1643.7655,-2182.1848,-2018.4574,0
74028.59369066256,6262.6997,5647.5894,44.247,7610.703,4268.0083,5051.4966,0
74028.59702410275,640.96234,478.04065,-3380.102,1504.0803,-458.43042,52.779938,0
74028.60035754296,-9438.735,-9149.623,-851.8016,-9268.425,-8649.65,-8792.908,0
74028.60369098316,-8092.7993,-7745.03,-44.24565,-8102.323,-6755.4756,-7162.665,0
74028.60702442336,1302.716,1228.6598,3724.0198,1892.3256,1353.1718,1436.384,0
74028.61035786355,6310.1255,5810.154,44.247,7887.3896,4447.5225,5126.9595,0
74028.61369130376,3143.5312,2906.0544,-659.92664,4165.065,1990.9043,2525.5251,0
74028.61702474396,-9840.224,-9549.703,-838.0347,-9818.623,-8905.37,-9025.134,0
74028.62035818415,-8275.464,-7971.4937,545.11237,-8638.897,-6892.2524,-7293.8003,0
74028.62369162435,2129.9941,1978.0215,4904.8066,1916.8529,2250.5186,2347.1416,0
74028.62702506455,5882.092,5263.973,44.247,6259.3438,3893.1228,4748.1465,0
74028.63035850476,1113.9313,830.3073,-2104.1423,285.57956,72.26087,593.10614,0
74028.63369194495,-10381.25,-10006.836,-980.65094,-12534.109,-9350.952,-9557.721,0
74028.63702538515,-9252.333,-8888.08,-44.24565,-11719.937,-7814.3105,-8235.619,0
74028.64035882535,-2279.8203,-2271.8386,685.6968,-4142.0537,-2113.5154,-2085.7808,0
74028.64369226556,6091.9062,5668.885,44.247,5581.8657,4362.2534,4917.9385,0
74028.64702570575,136.1098,73.076385,-3315.8247,-482.59717,-772.8801,-478.66776,0
74028.65035914595,-10229.067,-9825.975,-989.34076,-11095.518,-9229.182,-9543.945,0
74028.65369258614,-8474.608,-8133.145,-44.24565,-8578.057,-7178.2314,-7613.3477,0
74028.65702602634,-34.57426,-131.49376,1879.5695,1309.1371,-114.25637,-8.0224285,0
74028.66035946655,7055.133,6580.3853,44.247,10289.739,5054.58,5692.6333,0
74028.66369290675,2116.4033,2091.0522,-2425.9746,5030.6704,1154.815,1301.8248,0
74028.66702634694,-9782.423,-9447.758,-1179.918,-7825.0366,-8880.026,-9293.6,0
74028.67035978714,-7673.038,-7369.7476,651.6663,-6119.2026,-6400.3413,-7017.155,0
74028.67369322733,1600.6584,1550.4186,3273.637,3170.5059,1581.5438,1486.4255,0
74028.67702666754,6607.288,6146.3804,44.247,8640.11,4780.222,5244.3467,0
74028.68036010774,2768.5823,2555.9438,-1166.5472,3348.4595,1802.4125,2044.3959,0
74028.68369354794,-10432.811,-10121.923,-1150.142,-11890.1045,-9466.591,-9765.117,0
74028.68702698813,-9104.353,-8804.998,-44.24565,-11676.77,-7817.003,-8208.068,0
74028.69036042834,-1242.1675,-1256.1036,1343.4155,-3893.816,-1159.3579,-1050.2687,0
74028.69369386854,5738.9136,5268.1724,44.247,3800.6377,3961.3381,4550.2056,0
74028.69702730874,-571.2655,-535.37933,-4047.5308,-2999.264,-1247.9589,-1034.973,0
74028.70036074893,-10550.543,-10049.426,-1072.943,-13586.898,-9296.2,-9701.759,0
74028.70369418913,-9204.307,-8759.708,-44.24565,-11811.966,-7662.322,-8189.203,0
74028.70702762934,-438.6472,-457.34076,2203.9624,-1713.6843,-136.95323,-228.35355,0
74028.71036106953,6354.85,5963.1206,44.247,7304.339,4670.7188,5222.4863,0
74028.71369450973,1635.4852,1517.2898,-2087.8738,2935.0454,819.95276,1086.6681,0
74028.71702794993,-9845.758,-9524.241,-940.49786,-8621.823,-8986.239,-9130.695,0
74028.72036139014,-7810.2817,-7437.268,302.80734,-6177.2856,-6403.6353,-6909.0425,0
74028.72369483033,206.96672,265.80325,2637.8357,2869.9006,538.679,219.09706,0
74028.72702827053,6148.037,5554.3096,44.247,10064.014,4248.561,4866.7314,0
74028.73036171072,1708.1118,1528.7224,-2071.3706,4829.7397,722.23395,1087.6765,0
74028.73369515092,-9998.842,-9665.51,-897.94763,-8374.214,-9041.29,-9201.966,0
74028.73702859113,-8472.507,-8172.7363,-44.24565,-7974.9214,-7109.1187,-7568.7285,0
74028.74036203133,-118.009155,-178.40442,2294.6724,-8.047929,72.863686,38.323635,0
74028.74369547152,6423.2876,5898.9346,44.247,6804.924,4693.7563,5128.157,0
74028.74702891172,1263.7986,962.222,-2295.5515,384.04492,205.48265,673.9072,0
74028.75036235193,-10145.321,-9867.966,-1159.8414,-12594.663,-9232.473,-9353.191,0
74028.75369579213,-9141.572,-8843.39,-44.24565,-12442.9795,-7625.222,-8135.301,0
74028.75702923232,-240.95468,-354.2799,1870.4071,-3317.35,15.290015,-61.349766,0
74028.76036267252,5630.8545,5157.7964,44.247,3844.1042,3989.1628,4540.623,0
74028.76369611271,1101.3579,1005.21173,-2218.255,-696.4148,247.06044,639.5837,0
74028.76702955292,-10481.505,-10162.502,-1149.3538,-12657.015,-9329.41,-9647.258,0
74028.77036299312,-8834.205,-8474.7705,-44.24565,-10463.005,-7274.87,-7792.722,0
74028.77369643332,894.3857,878.0652,3307.1047,547.38824,1176.5203,1158.5002,0
74028.77702987351,6239.887,5756.7656,44.247,7886.191,4377.811,5136.542,0
74028.78036331372,1872.8064,1858.4767,-1864.5105,4039.5347,1032.1427,1347.2943,0
74028.78369675392,-9861.967,-9382.072,-854.79803,-7768.0806,-8707.095,-9003.127,0
74028.78703019411,-8667.313,-8273.814,-44.24565,-6232.663,-7276.665,-7749.9,0
74028.79036363431,-692.1951,-662.5765,1567.1409,2463.4778,-524.2178,-596.2493,0
74028.7937,6136.0303,5644.59,44.247,10158.141,4287.1567,4845.1704,0
74028.79703051472,680.0383,587.26544,-2948.1206,3729.1436,-218.59981,91.19742,0
74028.80036395491,-10166.934,-9719.798,-1102.6084,-8671.285,-9017.056,-9364.571,0
74028.80369739511,-8769.369,-8419.282,-44.24565,-8599.04,-7294.6167,-7813.385,0
74028.80703,-499.34106,-500.6396,1787.5092,-829.42426,-348.51883,-278.2959,0
74028.81036,6418.785,6007.211,44.247,5974.563,4809.2437,5363.5303,0
74028.81369771571,702.67883,644.9854,-2816.8086,-1330.1401,100.10977,268.5921,0
74028.81703115591,-10244.075,-9861.667,-872.4774,-13797.037,-9131.047,-9347.502,0
74028.82036,-8694.929,-8334.102,-44.24565,-12638.729,-7174.641,-7663.357,0
74028.8237,854.4942,855.36066,3531.3352,-2515.7346,1162.6688,1101.1947,0
74028.82703147651,6238.987,5746.8677,44.247,4357.309,4561.8135,5073.9556,0
74028.83036,2352.2598,2216.942,-854.1897,738.2352,1577.9794,1877.3531,0
74028.8337,-10167.181,-9859.2,-975.4718,-11787.906,-9128.24,-9441.434,0
74028.83703,-8292.242,-7851.5117,123.71235,-9168.215,-6812.808,-7316.623,0
74028.84037,1844.7167,1794.4103,3831.352,2652.353,1986.3599,1944.7157,0
74028.8437,6168.7485,5780.7603,44.247,8807.98,4512.746,5023.048,0
74028.84703,1003.80066,988.9795,-2351.1477,3510.27,199.87344,447.20486,0
74028.85037,-10491.11,-10022.132,-975.8565,-8639.21,-9289.319,-9710.443,0
74028.8537,-9069.233,-8591.445,-44.24565,-7340.31,-7524.993,-8106.2534,0
74028.85703,-1133.775,-1087.85,1483.0623,775.2638,-886.8685,-1002.4286,0
74028.86037,6400.475,6096.891,44.247,8714.453,4738.934,5140.7344,0
74028.8637,128.56369,134.75746,-3269.1907,1304.6913,-621.12726,-427.07358,0
74028.86703275889,-10263.586,-9951.048,-1020.80396,-10492.981,-9394.934,-9578.683,0
74028.87036619909,-8681.722,-8278.014,-44.24565,-9333.475,-7263.8,-7762.7764,0
74028.8737,-553.84955,-497.95087,1209.3105,-685.9406,-363.0193,-484.90695,0
74028.87703,6007.56,5523.4165,44.247,7107.3906,4146.537,4774.499,0
74028.88036651969,1292.2474,1287.1005,-2663.4001,1808.4647,481.0889,758.6199,0
74028.88369995989,-10337.427,-9930.053,-1165.5348,-10662.951,-9290.516,-9534.063,0
74028.88703,-7113.104,-6689.2715,1562.4923,-7686.8677,-5645.094,-6159.3325,0
74028.89036684029,1776.7698,1771.7235,3912.636,1797.0771,1935.7135,1913.5348,0
74028.89370028049,6136.0303,5637.092,44.247,6929.3276,4285.96,4927.521,0
74028.89703372068,2292.7146,2075.4983,-959.0909,2228.552,1289.7087,1752.4509,0
74028.90036716088,-9725.092,-9311.888,-723.85114,-11077.831,-8582.332,-8909.995,0
74028.90370060109,-8500.122,-8140.6436,-44.24565,-10477.993,-6964.6094,-7573.52,0
74028.90703404129,262.36615,252.41823,2647.311,-1517.017,421.17377,301.49155,0
74028.91036748148,6365.0557,5758.265,44.247,5666.4004,4506.762,4945.788,0
74028.91370092168,287.63492,178.66238,-3302.548,-1020.32574,-456.11108,-321.90378,0
74028.91703436189,-10308.911,-10011.935,-956.07965,-12173.787,-9271.667,-9580.18,0
74028.92036780209,-8942.563,-8493.366,-44.24565,-10516.963,-7445.708,-7922.6865,0
74028.92370124228,-2078.7083,-1962.6552,-27.809046,-2503.086,-1737.8721,-1877.489,0
74028.92703468248,6527.4443,6152.979,44.247,7616.998,4836.47,5409.6465,0
74028.93036812267,1543.229,1420.6278,-2238.4253,2629.8972,687.62616,1022.5231,0
74028.93370156288,-10020.753,-9630.718,-855.39734,-9350.562,-8870.452,-9121.712,0
74028.93703500308,-8287.569,-7938.7407,-31.00165,-7276.7046,-6777.237,-7335.683,0
74028.94036844328,889.23816,843.4021,3216.8105,2971.4434,1112.4387,973.27765,0
74028.94370188347,6431.092,5832.049,44.247,9918.325,4611.479,5132.0503,0
74028.94703532367,2490.8972,2259.153,-1154.642,5243.1396,1589.3595,1877.4617,0
74028.95036876388,-9762.83,-9504.64,-927.47925,-8318.335,-8719.481,-9059.271,0
74028.95370220407,-7998.086,-7654.4297,554.44336,-7333.0654,-6569.9683,-7022.145,0
74028.95703564427,1745.1774,1617.6786,3667.5156,2434.433,1808.9418,1887.6875,0
74028.96036908447,6133.329,5703.6772,44.247,7210.511,4417.0054,5031.4326,0
74028.96370252468,1170.5245,1102.0068,-2159.5713,848.3584,566.7207,776.2089,0
74028.96703596487,-10584.462,-10061.724,-941.3968,-12788.913,-9274.359,-9578.982,0
74028.97036940507,-9623.036,-9146.924,-44.24565,-12781.719,-7986.644,-8400.919,0
74028.97370284527,-1368.7725,-1223.1636,1046.9369,-4443.813,-916.77185,-953.81464,0
74028.97703628546,5663.5723,5370.4497,44.247,3413.336,4102.257,4684.6616,0
74028.98036972567,-804.10565,-744.5706,-4046.747,-3422.2366,-1455.2634,-1173.3264,0
74028.98370316587,-10234.17,-9848.7705,-843.711,-13277.837,-9105.915,-9353.79,0
74028.98703660606,-8575.163,-8236.022,-44.24565,-10933.942,-7195.884,-7539.681,0
74028.99037004626,-1019.4497,-1082.6947,946.4169,-1836.0337,-937.52155,-887.8362,0
74028.99370348647,6635.8037,6177.8735,44.247,8079.542,4895.4106,5397.968,0
74028.99703692667,1630.2356,1524.8701,-2206.3145,3486.1353,805.36725,1006.62115,0
74029.00037036686,-9429.13,-9109.731,-822.73553,-7660.763,-8351.656,-8725.53,0
74029.00370380706,-6820.25,-6490.198,1200.0884,-4771.596,-5375.309,-5984.8105,0
74029.00703724725,2758.858,2664.6797,4612.566,5867.082,2794.2422,2816.682,0
74029.01037068747,6797.892,6303.8457,44.247,10944.136,4941.1865,5505.7725,0
74029.01370412766,1818.9408,1662.3633,-1802.5886,5135.4473,1012.0499,1221.0165,0
74029.01703756786,-9958.319,-9646.015,-785.579,-8323.553,-8898.876,-9172.919,0
74029.02037100805,-8243.481,-7862.304,-44.24565,-7837.627,-6717.7773,-7284.8438,0
74029.02370444826,841.03613,836.52765,3222.776,627.41693,1215.4331,1043.4906,0
74029.02703788846,5953.831,5485.025,44.247,5777.9146,4376.6143,4814.626,0
74029.03037132866,36.26354,-20.33418,-2912.7788,-1493.8892,-469.9583,-313.04712,0
74029.03370476885,-10257.282,-9734.795,-941.6965,-13465.492,-8905.158,-9314.562,0
74029.03703820905,-9316.568,-8881.481,-44.24565,-13187.007,-7671.8955,-8107.152,0
74029.04037164926,-1154.0817,-1176.8799,1129.759,-4370.561,-771.20605,-844.07764,0
74029.04370508945,5907.305,5541.113,44.247,4199.031,4357.167,4899.372,0
74029.04703852965,271.4034,282.49353,-3133.397,-1092.761,-424.9929,-112.07114,0
74029.05037196985,-9986.835,-9496.347,-786.1783,-11196.84,-8843.525,-9066.013,0
74029.05370541004,-7739.3154,-7309.7373,997.21436,-8189.4937,-6254.6523,-6730.899,0
74029.05703885025,404.28867,416.0295,2460.355,1534.709,658.85944,558.0691,0
74029.06037229045,6768.7764,6228.8623,44.247,9848.18,4964.5234,5493.794,0
74029.06370573064,1911.9482,1836.5697,-1761.9065,5127.889,1072.9906,1341.0183,0
74029.06703917084,-9393.711,-9079.438,-762.8056,-6756.36,-8453.082,-8824.351,0
74029.07037261105,-8085.595,-7804.117,-44.24565,-5737.445,-6736.0283,-7371.087,0
74029.07370605125,1077.3171,882.40106,2757.3184,3516.8254,1096.4163,1005.6002,0
74029.07703949144,6849.821,6276.552,44.247,9634.145,4938.7935,5495.89,0
74029.08037293164,202.44986,170.66362,-3658.5305,1538.4977,-562.8496,-348.7274,0
74029.08370637184,-9553.397,-9250.101,-767.6,-10244.473,-8368.411,-8790.213,0
74029.08703981205,-8868.724,-8620.238,-44.24565,-10887.178,-7346.077,-7944.2476,0
74029.09037325224,156.61478,64.23998,1920.2096,-2393.38,401.22452,272.2714,0
74029.09370669244,5783.338,5222.282,44.247,3545.5342,4122.901,4601.1133,0
74029.09704013263,1214.5718,1094.1105,-1967.0208,-1950.699,487.26874,711.98315,0
74029.10037357284,-10666.406,-10424.645,-776.5895,-14527.274,-9522.6875,-9858.375,0
74029.10370701304,-8734.851,-8420.482,-44.24565,-12237.638,-7275.7676,-7895.136,0
74029.10704045324,733.267,507.0521,2931.271,-1347.792,665.602,712.1831,0
74029.11037389343,6381.2646,5799.356,44.247,6585.4927,4440.9404,5008.674,0
74029.11370733363,1129.5435,933.8411,-2118.4763,2085.5713,316.85205,535.4519,0
74029.11704077384,-9907.291,-9602.523,-913.22974,-8848.448,-8897.978,-9319.652,0
74029.12037421404,-8180.1045,-7841.9062,295.28235,-6456.4014,-6808.4854,-7367.25,0
74029.12370765423,-973.1942,-926.47314,636.14294,1863.319,-852.5376,-1072.201,0
74029.12704109443,6414.2827,5822.751,44.247,10293.637,4556.727,5049.999,0
74029.13037453464,44.682316,-34.422832,-3726.844,3182.764,-808.27924,-671.2778,0
74029.13370797483,-9920.799,-9647.814,-717.25885,-8251.908,-8965.595,-9300.487,0
74029.13704141503,-8233.276,-7973.88,-44.24565,-7373.5845,-7037.313,-7493.565,0
74029.14037485523,-740.60895,-851.1603,1083.9371,-163.93887,-694.30505,-755.7973,0
74029.14370829542,6928.464,6408.223,44.247,7539.058,5202.9785,5584.23,0
74029.14704173563,376.29117,158.10437,-2910.7317,-355.8786,-483.10397,-160.89641,0
74029.15037517583,-9979.631,-9658.911,-777.48846,-12078.46,-8877.034,-9175.913,0
74029.15370861602,-8790.981,-8482.269,-44.24565,-11334.434,-7322.4414,-7766.9688,0
74029.15704205622,2001.8625,1879.3094,4006.0342,143.93288,2197.8928,2173.872,0
74029.16037549643,6075.6973,5602.2993,44.247,5374.1255,4405.0376,4999.6904,0
74029.16370893663,2662.033,2519.4463,-348.30368,1451.6763,1902.7125,2231.229,0
74029.16704237682,-10214.96,-9857.769,-736.7361,-12002.319,-9182.209,-9315.16,0
74029.17037581702,-6226.238,-5893.687,2708.7004,-7741.5347,-4838.4673,-5231.4287,0
74029.17370925721,2824.5588,2705.4358,5385.2456,2467.7144,2888.3784,2960.7625,0
74029.17704269743,6118.321,5625.994,44.247,7234.4927,4307.5015,4843.074,0
74029.18037613762,410.38016,388.1541,-2734.6765,1274.9587,-341.4657,-100.136215,0
74029.18370957782,-9990.737,-9603.124,-755.614,-9831.691,-8906.954,-9226.82,0
74029.18704301801,-9000.796,-8635.235,-44.24565,-8608.333,-7599.791,-8112.8413,0
74029.19037645821,-521.18396,-565.3065,1413.5,738.13947,-385.56235,-425.38068,0
74029.19370989842,6158.543,5886.637,44.247,8653.3,4500.18,5022.1494,0
74029.19704333862,-1265.9371,-1166.6511,-4731.605,553.25635,-2076.6348,-1680.2344,0
74029.20037677881,-9519.779,-8961.564,-723.5515,-8705.758,-8393.244,-8602.453,0
74029.20371021901,-8486.614,-7981.078,-44.24565,-8049.5635,-6945.162,-7452.2397,0
74029.20704365922,-563.89624,-457.03992,754.2141,370.23767,-390.55145,-398.3253,0
74029.21037709941,6363.255,6007.211,44.247,7986.0137,4568.9937,5197.032,0
74029.21371053961,2036.5211,1995.272,-1397.0835,2683.848,1177.624,1555.259,0
74029.21704,-9972.728,-9732.695,-698.9802,-10944.134,-9043.684,-9233.109,0
74029.22038,-5983.9443,-5703.2334,2622.6143,-7563.524,-4713.325,-5070.163,0
74029.22371086021,3808.4763,3690.1255,5956.187,2461.3586,3801.0708,3938.2722,0
74029.22704430041,6315.529,5793.0576,44.247,5867.845,4375.4175,5170.081,0
74029.23038,3116.002,2902.3477,461.6867,1870.0016,2252.3352,2700.8213,0
74029.23371,-9961.37,-9651.011,-424.5102,-12123.514,-8806.43,-9095.84,0
74029.23704462101,-8953.37,-8543.455,-44.24565,-11112.6045,-7381.681,-7891.543,0
74029.24037806121,876.7712,871.45337,3129.3374,-111.978966,1102.3307,1116.9618,0
74029.24371,5837.067,5459.5303,44.247,6499.159,4203.6826,4731.0776,0
74029.24704,-502.48102,-531.2032,-3362.9407,94.28017,-1217.0922,-917.1552,0
74029.25038,-10194.849,-9775.586,-663.0223,-10115.272,-9020.347,-9287.61,0
74029.25371,-8642.399,-8263.017,-44.24565,-8438.664,-7202.167,-7639.9995,0
74029.25705,-1406.0309,-1441.378,382.22513,-286.1831,-1296.4849,-1234.2521,0
74029.26038,6770.8774,6338.0386,44.247,9182.692,4997.1353,5561.172,0
74029.26371,277.27933,318.94418,-3358.1384,2146.5598,-343.05206,-181.76637,0
74029.26705,-9369.397,-8997.556,-575.52454,-8546.281,-8279.252,-8717.1455,0
74029.27038,-8135.705,-7760.0044,-37.92465,-7665.8335,-6784.459,-7322.5425,0
74029.27371,855.5873,790.4069,2003.1062,1718.6759,903.1315,789.74023,0
74029.27704590339,6727.654,6167.9756,44.247,8596.644,4806.252,5355.445,0
74029.28037934359,2777.0156,2536.5886,-993.51556,3649.2163,1778.5304,2040.8247,0
74029.28371,-9726.893,-9532.339,-691.78864,-10214.796,-8862.075,-9110.032,0
74029.28705,-7178.0396,-7033.0723,1202.1953,-8334.344,-6038.003,-6460.0376,0
74029.29037966419,2270.8564,2025.4371,3716.3484,1242.9553,2234.7947,2217.08,0
74029.29371310439,6025.27,5371.05,44.247,5544.3945,4196.8013,4678.673,0
74029.29705,1614.4243,1356.6273,-1451.1272,368.03445,878.58984,1056.8411,0
74029.30038,-10654.7,-10370.656,-769.6976,-13053.909,-9458.661,-9837.113,0
74029.30371342499,-9237.926,-8884.181,-44.24565,-12068.269,-7688.052,-8263.768,0
74029.30704686519,-720.9236,-819.352,1597.3448,-2881.4802,-469.81464,-535.3124,0
74029.31038030538,5745.217,5437.3354,44.247,4983.2266,4224.626,4652.3203,0
74029.31371374559,-219.93092,-155.06714,-2894.8206,-1082.8181,-745.0524,-559.99524,0
74029.31704718579,-10428.677,-9916.556,-657.9282,-11466.032,-9284.532,-9566.704,0
74029.32038062598,-8780.175,-8341,-44.24565,-9214.767,-7274.571,-7784.6367,0
74029.32371406618,-1387.2533,-1315.8228,399.1344,-404.3147,-1110.2316,-1320.9058,0
74029.32704750638,6634.003,6128.684,44.247,9370.048,4860.106,5329.692,0
74029.33038094659,1361.0237,1236.2954,-1723.4076,4328.696,526.2474,698.2904,0
74029.33371438678,-9680.968,-9424.363,-627.6636,-7110.687,-8722.054,-9089.07,0
74029.33704782698,-7723.382,-7455.753,249.53035,-5266.8047,-6421.3086,-6974.897,0
74029.34038126717,1813.5798,1615.7517,3042.2043,4673.215,1745.9845,1716.0789,0
74029.34371470739,6616.8936,6000.6123,44.247,10043.929,4631.2256,5234.165,0
74029.34704814758,1805.0035,1518.4773,-1271.2633,3790.6191,825.5276,1250.8877,0
74029.35038158778,-9952.016,-9705.401,-612.9808,-9867.363,-8993.42,-9223.526,0
74029.35371502797,-8805.389,-8519.761,-44.24565,-10130.261,-7354.4546,-7890.345,0
74029.35704846817,465.77582,419.84836,2386.9636,-1417.3893,616.33453,627.7428,0
74029.36038190838,6070.895,5613.0967,44.247,4165.4565,4419.997,4933.81,0
74029.36371534858,9.5482435,-92.48471,-2591.0269,-3235.2336,-604.69836,-372.55078,0
74029.36704878877,-10520.227,-10128.009,-601.89374,-14947.251,-9259.998,-9603.837,0
74029.37038222897,-9309.965,-8985.559,-44.24565,-13664.839,-7750.583,-8206.272,0
74029.37371566918,-660.1047,-693.99066,1305.2305,-3901.7476,-392.67477,-462.36658,0
74029.37704910937,5709.497,5261.5737,44.247,4491.006,4002.028,4652.3203,0
74029.38038254957,513.057,483.42517,-2411.2502,-133.641,-142.3563,148.3617,0
74029.38371598977,-9952.616,-9394.97,-723.85114,-10216.895,-8602.677,-9059.125,0
74029.38704942996,-7687.546,-7232.257,940.02435,-6885.432,-6217.2983,-6739.8765,0
74029.39038287017,1971.923,1964.3716,3480.1587,4373.93,2024.281,2066.464,0
74029.39371631037,6224.879,5785.859,44.247,10521.461,4350.8843,4985.3164,0
74029.39704975057,608.1699,584.58777,-2542.6309,4712.384,-222.12852,71.11911,0
74029.40038319076,-10010.848,-9656.212,-628.8622,-6613.37,-9028.725,-9356.485,0
74029.40371663097,-8585.969,-8186.533,-44.24565,-5666.699,-7221.6143,-7695.399,0
74029.40705007117,-817.9648,-905.7418,442.73935,2185.1333,-952.60895,-781.65955,0
74029.41038351136,6318.5303,5887.237,44.247,9263.33,4463.978,5134.446,0
74029.41371695156,-22.818956,-32.84688,-3114.4604,1012.7572,-687.72186,-456.68048,0
74029.41705039176,-10237.472,-9810.379,-559.0438,-11376.102,-9088.263,-9371.458,0
74029.42038383197,-8998.095,-8637.635,-44.24565,-11513.695,-7507.9395,-7886.452,0
74029.42371727216,-202.69077,-288.87717,1717.1467,-3218.5002,25.96859,1.2909343,0
74029.42705071236,6217.975,5832.349,44.247,3568.6165,4679.9937,5219.791,0
74029.43038415255,1067.2306,969.3053,-1551.2286,-2743.9724,508.24585,790.8577,0
74029.43371759276,-10310.712,-9967.244,-551.2529,-14870.81,-9135.834,-9300.487,0
74029.43705103296,-8909.546,-8563.851,-44.24565,-13045.216,-7489.3896,-7799.61,0
74029.44038447316,1373.9374,1296.5808,3100.4238,-1196.7042,1409.5045,1596.5665,0
74029.44371791335,6281.01,5813.1533,44.247,5909.2134,4502.2744,5058.683,0
74029.44705135355,1365.9147,1221.5768,-1470.5891,1549.0518,562.1454,871.15076,0
74029.45038479376,-10276.793,-9968.744,-583.6151,-9994.166,-9249.826,-9495.134,0
74029.45371823396,-8393.523,-8068.66,294.37936,-7128.787,-6970.951,-7499.3154,0
74029.45705167415,1818.1531,1797.333,3600.7078,4733.242,1839.6908,1875.042,0
74029.46038511435,6592.28,6170.075,44.247,11196.541,4727.2656,5344.964,0
74029.46371855454,693.97095,720.0169,-2336.1318,5111.167,-143.59225,121.98679,0
74029.46705199475,-9689.372,-9307.089,-449.9713,-6330.9873,-8766.933,-8930.658,0
74029.47038543495,-8574.5625,-8248.92,-44.24565,-5599.251,-7319.7485,-7684.319,0
74029.47371887515,-1568.462,-1532.1256,-464.0811,1204.095,-1467.0729,-1556.3218,0
74029.47705231534,6507.9336,6057.5996,44.247,9340.971,4678.4976,5187.4497,0
74029.48038575555,308.56213,222.18,-2995.3145,1383.414,-366.3401,-148.88382,0
74029.48371919575,-9865.269,-9504.1455,-586.6116,-11049.653,-8767.231,-9010.014,0
74029.48705263594,-8630.093,-8263.616,-44.24565,-11379.998,-7110.9136,-7601.369,0
74029.49038607614,1472.1827,1413.3204,3009.7346,-1596.0344,1621.0858,1677.1555,0
74029.49371951634,6253.695,5780.16,44.247,3259.8542,4529.501,5156.306,0
74029.49705295655,1305.255,1226.7764,-1622.3257,-2716.6865,535.6562,905.3292,0
74029.50038639674,-9702.279,-9288.792,-464.35452,-14678.657,-8553.012,-8719.241,0
74029.50371983694,-8101.804,-7650.5503,-44.24565,-12950.788,-6503.8564,-7126.1313,0
74029.50705327714,1521.2483,1517.492,3415.4993,-1642.4365,1702.4155,1660.088,0
74029.51038671735,6172.35,5748.367,44.247,5336.055,4348.7896,4955.3706,0
74029.51372015754,1692.3607,1591.8058,-788.10333,1622.3964,820.1204,1226.3473,0
74029.51705359774,-10038.763,-9673.608,-627.0643,-9593.675,-9033.511,-9302.883,0
74029.52038703793,-8871.726,-8466.672,-44.24565,-7345.4062,-7491.484,-7946.3438,0
74029.52372047813,-79.718925,-46.486423,1051.5414,3170.9224,-46.83844,17.794788,0
74029.52705391834,6118.0205,5661.9863,44.247,11006.487,4133.3726,4904.7627,0
74029.53038735854,-1010.1373,-870.8911,-4076.5176,3538.872,-1789.1279,-1425.4203,0
74029.53372079873,-10213.459,-9649.313,-505.70618,-6885.2603,-9090.059,-9362.175,0
74029.53705423893,-8860.619,-8460.073,-44.24565,-6307.006,-7455.8804,-7870.581,0
74029.54038767914,594.46765,631.202,2221.4302,3009.485,732.2503,778.2245,0
74029.54372111933,6371.059,5976.9175,44.247,8924.591,4513.344,5135.6436,0
74029.54705455953,970.93585,960.05035,-1752.042,1993.0951,211.36877,558.7653,0
74029.55038799973,-9876.975,-9481.051,-466.1524,-10762.474,-8908.749,-9202.266,0
74029.55372143992,-8397.578,-8034.144,131.53835,-10248.551,-7124.8164,-7575.9126,0
74029.55705488013,1105.387,918.4556,2290.4849,-859.29144,865.2802,1025.8595,0
74029.56038832033,6229.982,5668.2847,44.247,5049.4756,4241.6797,4957.467,0
74029.56372176053,1009.7909,907.86707,-1968.2435,-996.58954,201.3833,415.96173,0
74029.56705520072,-9970.926,-9626.818,-485.03033,-12907.022,-8918.023,-9214.543,0
74029.57038864092,-8885.232,-8573.749,-44.24565,-11968.445,-7519.0093,-7962.215,0
74029.57372208113,1791.4851,1703.0785,3426.1582,-403.54776,1865.6251,1933.4327,0
74029.57705552132,5979.9453,5597.8003,44.247,5294.387,4205.178,4839.7803,0
74029.58038896152,741.8196,735.5007,-1693.0436,-15.934004,13.654595,365.79187,0
74029.58372240172,-10178.039,-9808.279,-315.12897,-11286.171,-9133.142,-9348.4,0
74029.58705584193,-8794.883,-8529.658,-44.24565,-9485.458,-7624.6235,-7846.0254,0
74029.59038928212,560.93567,442.02264,2173.1846,969.1146,484.2028,560.858,0
74029.59372272232,6254.595,5825.7505,44.247,8581.955,4505.8647,5047.6035,0
74029.59705616251,-53.360313,-157.38898,-2729.06,2123.2283,-755.8769,-539.4013,0
74029.60038960271,-9842.155,-9483.75,-425.40005,-8005.4976,-8802.536,-9094.761,0
74029.60372304292,-8682.021,-8336.501,-44.24565,-6583.693,-7279.956,-7773.2573,0
74029.60705648312,111.02662,145.5691,1149.57,3032.495,180.50163,133.69081,0
74029.61038992331,6268.403,5805.9546,44.247,9956.996,4370.3315,4946.986,0
74029.61372336351,695.7275,694.3313,-2337.0317,3379.0203,-78.66131,199.37451,0
74029.61705680372,-9852.062,-9509.544,-478.43805,-8922.791,-8904.561,-9071.402,0
74029.62039024392,-7237.899,-6924.388,724.20734,-7452.5786,-5963.386,-6386.4263,0
74029.62372368411,1917.4342,1829.5192,3051.3044,1218.5298,1985.8785,1889.5046,0
74029.62705712431,6561.063,5910.332,44.247,5806.6924,4661.1445,5192.84,0
74029.63039,1115.6926,863.57056,-1625.7638,-1229.6082,323.13507,504.40775,0
74029.63372400471,-9970.025,-9780.385,-559.0438,-13765.561,-8962.604,-9358.282,0
74029.63705744491,-8703.934,-8454.975,-44.24565,-12914.517,-7310.1743,-7907.414,0
74029.64039,487.968,400.24448,1681.9701,-3015.3303,523.19165,531.625,0
74029.64372,6042.079,5567.207,44.247,3955.6182,4304.51,4935.6064,0
74029.64705776551,608.0871,614.5583,-2156.0312,-1568.358,-104.07621,299.1075,0
74029.65039120571,-9913.595,-9499.047,-403.8253,-12152.204,-8767.231,-9027.981,0
74029.65372,-8525.336,-8088.755,-44.24565,-9955.796,-7026.542,-7541.7773,0
74029.65706,-880.87933,-875.70905,300.57224,-665.0064,-703.9793,-830.9242,0
74029.66039,6640.9062,6116.087,44.247,8850.848,4864.594,5311.724,0
74029.66372496651,192.27277,149.3219,-2900.5562,2534.53,-480.26282,-383.06754,0
74029.66706,-9582.214,-9402.768,-306.73877,-7518.6724,-8557.499,-8959.406,0
74029.67039,-7943.3174,-7703.6387,-44.24565,-5652.61,-6626.5244,-7265.379,0
74029.67373,1403.118,1142.6835,2601.5845,4461.721,1278.9406,1248.3422,0
74029.67706,6728.8545,5981.116,44.247,10716.011,4601.6055,5285.0728,0
74029.68039,1718.3585,1437.4294,-1296.7805,4721.299,779.0663,1083.6495,0
74029.68373,-9536.889,-9377.873,-434.98883,-8085.2363,-8538.949,-8901.312,0
74029.68706,-8361.146,-8116.3486,-44.24565,-8024.9824,-6935.588,-7558.8467,0
74029.69039248809,2047.7886,1855.2332,3310.0637,2209.501,2023.1162,2014.308,0
74029.69373,6392.0703,5801.156,44.247,6786.038,4671.616,5150.916,0
74029.69706,-30.161728,-241.99547,-2571.834,-964.58203,-638.00616,-434.22284,0
74029.70039280869,-10013.55,-9776.786,-432.59164,-12559.29,-8849.21,-9222.628,0
74029.70372624889,-8750.159,-8645.433,-44.24565,-11981.935,-7334.11,-7852.314,0
74029.70705968908,960.93427,598.197,2434.568,-1841.4589,934.6357,996.5866,0
74029.71039,6465.9106,5760.6646,44.247,4689.753,4532.1934,5219.791,0
74029.71372656949,402.3587,156.46242,-2330.8706,-1855.8345,-321.99295,-64.812294,0
74029.71706000969,-9792.028,-9625.619,-423.60214,-12427.392,-8783.986,-9021.992,0
74029.72039344988,-8219.817,-8012.6025,370.53235,-10395.659,-6856.801,-7356.9824,0
74029.72373,1588.349,1343.4911,2471.0125,833.4712,1516.2208,1559.0094,0
74029.72706033029,6660.117,6090.8926,44.247,7752.4937,4756.5864,5330.59,0
74029.73039377049,1359.0739,1150.3245,-1563.3353,2584.12,400.2653,746.2282,0
74029.73372721068,-9418.324,-9160.721,-366.06943,-8597.842,-8547.327,-8742,0
74029.73706065088,-8271.697,-8060.861,-44.24565,-6974.292,-7187.8057,-7494.7627,0
74029.74039409109,1420.7566,1250.5693,2369.541,3734.3765,1173.4717,1286.5415,0
74029.74372753128,6788.887,6291.8486,44.247,10397.057,4957.3433,5476.725,0
74029.74706097148,1171.9094,1013.9475,-1625.0255,4088.4226,364.60974,676.1554,0
74029.75039441168,-9822.345,-9550.335,-548.5561,-8383.507,-8848.3125,-9021.094,0
74029.75372785189,-8664.912,-8344.299,-44.24565,-8083.7373,-7328.4253,-7775.3535,0
74029.75706129208,1693.1576,1525.5131,2800.0237,2152.485,1580.3682,1757.6749,0
74029.76039473228,6196.3633,5730.0713,44.247,6938.9204,4367.938,4949.3813,0
74029.76372817247,-162.99399,-258.6128,-2590.7847,-765.0288,-883.63666,-541.768,0
74029.76706161267,-10066.378,-9773.486,-390.34103,-12203.164,-9007.481,-9222.329,0
74029.77039505288,-8884.332,-8586.6455,-44.24565,-11704.049,-7544.7397,-7886.452,0
74029.77372849308,755.5033,629.32153,2193.9429,-1666.4264,719.91046,821.4398,0
74029.77706193327,6161.244,5657.187,44.247,4557.8545,4270.1025,4969.1455,0
74029.78039537347,544.0586,336.01718,-1952.6057,-1440.9364,-329.32132,60.611965,0
74029.78372881368,-9649.45,-9372.174,-326.8153,-12085.655,-8668.499,-8873.762,0
74029.78706225388,-8123.4854,-7848.513,38.83035,-10099.944,-6886.321,-7333.828,0
74029.79039569407,1667.9558,1509.3837,2935.2285,1135.5588,1495.2697,1601.2153,0
74029.79372913427,6341.643,5746.568,44.247,7707.828,4312.8867,4983.8193,0
74029.79706257446,301.16754,179.7289,-2402.1309,1726.511,-608.1481,-170.54199,0
74029.80039601467,-9537.188,-9113.631,-341.7978,-8376.911,-8553.609,-8743.198,0
74029.80372945487,-8500.723,-8062.0605,-44.24565,-7150.2563,-7054.3667,-7612.15,0
74029.80706289507,24.698967,-49.91838,1394.3917,2116.4346,-59.839943,-37.632347,0
74029.81039633526,5973.0415,5506.3203,44.247,9072.077,4097.4697,4715.2065,0
74029.81372977547,4.884673,-150.22563,-2311.97,2326.9177,-794.5889,-523.0412,0
74029.81706321567,-9885.68,-9587.228,-351.68622,-8866.435,-8709.488,-9074.098,0
74029.82039665586,-8546.348,-8269.915,-44.24565,-8172.469,-7238.668,-7653.4746,0
74029.82373009606,845.5175,630.61127,2272.923,1262.8811,754.73724,807.3903,0
74029.82706353626,6296.9185,5711.4756,44.247,7436.537,4322.1616,5041.315,0
74029.83039697647,717.34424,570.2474,-1790.2775,801.75494,-69.32428,260.42804,0
74029.83373041666,-9858.665,-9614.222,-411.61618,-11049.054,-8703.804,-9115.123,0
74029.83706385686,-8342.868,-8023.2964,484.61136,-9959.028,-6918.9453,-7445.0366,0
74029.84039729706,1411.4185,1305.0941,2354.3032,82.337135,1413.4115,1425.1149,0
74029.84373073725,6322.432,5913.931,44.247,5598.653,4534.587,5090.1265,0
74029.84706417746,489.17224,495.38992,-2286.0017,-1088.4705,-146.5757,76.39867,0
74029.85039761766,-9648.25,-9330.483,-289.05945,-12258.922,-8583.2295,-8856.393,0
74029.85373105785,-8561.655,-8314.905,-44.24565,-11198.638,-7281.7515,-7757.9854,0
74029.85706449805,68.23134,-144.93481,817.9232,-1791.4697,-225.12875,-91.38444,0
74029.86039793826,6999.3022,6364.4326,44.247,6383.1484,4848.1387,5573.4497,0
74029.86373137846,-1383.5842,-1448.164,-4249.3535,-2106.5237,-2191.496,-1911.1147,0
74029.86706481865,-9534.788,-9368.275,-262.09097,-10425.833,-8573.058,-8754.577,0
74029.87039825885,-8554.752,-8364.994,-44.24565,-8876.927,-7320.646,-7698.693,0
74029.87373169904,2059.791,1810.6202,3343.5032,3018.7136,1808.3397,1961.2515,0
74029.87706513926,6242.2886,5671.884,44.247,8940.179,4325.453,4972.14,0
74029.88039857945,1004.90283,831.8228,-1323.2794,3476.5662,264.78088,612.4127,0
74029.88373201965,-9971.227,-9704.802,-349.28903,-8107.419,-8872.547,-9118.717,0
74029.88706545984,-8465.003,-8152.041,-44.24565,-6765.353,-7194.687,-7503.1475,0
74029.89039890005,2405.684,2230.5574,3698.669,4535.653,2228.3386,2353.763,0
74029.89373234025,5991.3516,5490.424,44.247,8551.079,4058.575,4706.822,0
74029.89706578045,570.9895,443.8349,-1820.9388,1664.0756,-284.17075,26.18487,0
74029.90039922064,-10227.267,-9896.16,-407.42108,-10807.439,-9165.155,-9410.088,0
74029.90373266084,-8861.1455,-8577.8545,-17.75765,-10277.339,-7596.0415,-7997.415,0
74029.90706610105,1126.989,1035.6965,2296.8599,-85.805115,1014.9152,1071.6445,0
74029.91039954124,6329.9365,5939.7256,44.247,5702.972,4355.0728,4950.879,0
74029.91373298144,-588.49084,-582.865,-2902.713,-1997.1335,-1443.4364,-1080.8698,0
74029.91706642164,-9825.947,-9396.769,-277.3731,-11900.397,-8863.271,-8974.678,0
74029.92039986185,-8736.352,-8360.495,-44.24565,-10548.438,-7534.5674,-7851.4155,0
74029.92373330204,-624.3246,-530.2628,464.78366,-1236.2231,-549.87573,-611.75934,0
74029.92706674224,6547.8555,6150.5796,44.247,7517.4746,4710.81,5255.4263,0
74029.93040018243,-220.32907,-223.42151,-2894.5483,371.4363,-903.9991,-736.4527,0
74029.93373362263,-9797.131,-9508.045,-283.9654,-9853.874,-8684.655,-9010.613,0
74029.93706706284,-8652.005,-8391.988,-44.24565,-8569.363,-7423.2686,-7804.1016,0
74029.94040050304,2921.946,2760.5986,3993.9766,3793.8367,2783.6438,2886.4146,0
74029.94373394323,6474.9155,5887.537,44.247,8320.257,4422.3906,5145.2266,0
74029.94706738343,1260.6804,993.37024,-1216.9136,2291.6497,226.7626,756.61066,0
74029.95040082364,-9870.071,-9750.691,-237.5197,-10122.467,-9012.269,-9124.107,0
74029.95373426384,-8486.015,-8223.125,-44.24565,-9234.251,-7191.6953,-7646.5874,0
74029.95706770403,978.40063,855.9132,2221.9087,570.8668,787.2579,947.5806,0
74029.96040114423,6069.994,5541.4126,44.247,6475.1777,4092.3835,4842.775,0
74029.96373458442,-530.07935,-641.04047,-2582.811,-933.7456,-1350.5461,-961.39905,0
74029.96706802463,-10083.788,-9629.818,-304.34158,-11362.612,-8960.808,-9207.955,0
74029.97040146483,-9121.161,-8742.912,-44.24565,-10629.677,-7831.3643,-8203.277,0
74029.97373490503,741.6431,756.04407,1776.2606,-8.922875,649.1363,781.26025,0
74029.97706834522,5816.656,5326.9595,44.247,6307.6064,3765.0693,4516.6665,0
74029.98040178542,-156.85347,-126.332146,-2607.4143,-163.47458,-942.08374,-519.86426,0
74029.98373522563,-9868.57,-9358.077,-367.268,-10575.118,-8662.216,-8952.817,0
74029.98706866583,-8467.704,-8015.271,-44.24565,-9123.037,-6974.1836,-7593.5835,0
74029.99040210602,1188.1967,1209.243,2193.254,1424.2513,1225.1387,1233.6477,0
74029.99373554622,6007.56,5536.3135,44.247,7533.063,4169.2754,4767.9106,0
74029.99706898643,331.03995,243.67946,-1954.1311,1235.404,-331.85358,-82.60238,0
74030.00040242662,-9855.963,-9448.657,-201.56174,-9688.401,-8674.184,-9000.73,0
74030.00373586682,-8460.946,-8148.7617,119.49835,-8552.206,-7114.118,-7513.3877,0
74030.00706930702,673.84924,532.5863,1911.7886,1166.8964,509.39572,583.75726,0
74030.01040274721,6572.769,6013.2095,44.247,8203.347,4627.0366,5175.172,0
74030.01373618742,419.59845,372.58145,-1745.1445,1345.5918,-272.04504,-33.128593,0
74030.01706962762,-9696.876,-9437.86,-308.23703,-9945.004,-8526.683,-8945.931,0
74030.02040306781,-8694.628,-8381.19,-44.24565,-9211.769,-7273.374,-7803.203,0
74030.02373650801,1029.1584,835.3387,1971.9349,724.53503,1068.6133,987.11957,0
74030.02706994822,5986.849,5504.8203,44.247,6416.7227,4228.8145,4746.9487,0
74030.03040338842,216.2417,113.20055,-1733.7372,-200.10529,-325.16284,-80.845985,0
74030.03373682861,-10066.679,-9643.615,-270.48117,-11519.391,-8802.237,-9100.15,0
74030.03707026881,-8804.689,-8480.343,-8.42665,-10387.316,-7393.433,-7778.4644,0
74030.0404,2243.6934,2111.5254,3703.1365,1484.6046,2215.9329,2330.0317,0
74030.04373714922,5976.6436,5482.3257,44.247,6450.5967,4261.4263,4760.7236,0
74030.04707058941,-66.658646,-31.832586,-1998.6613,296.9007,-516.72186,-429.36945,0
74030.05040402961,-9863.167,-9440.859,-156.01498,-9959.692,-8656.83,-9032.174,0
74030.05374,-8719.242,-8308.906,-44.24565,-8279.187,-7229.9917,-7753.493,0
74030.05707091001,1492.4115,1449.3281,2612.0608,3034.0574,1507.7511,1546.1212,0
74030.06040435021,5936.4214,5422.3384,44.247,8448.258,4073.2354,4713.1104,0
74030.06374,-701.3775,-714.0509,-3190.3027,1066.3276,-1345.7067,-1083.8657,0
74030.06707,-9786.325,-9351.479,-359.77676,-9199.178,-8717.865,-8855.494,0
74030.0704,-8621.688,-8281.612,-44.24565,-8537.588,-7279.0586,-7678.3296,0
74030.07373811101,487.07663,549.10626,1125.7206,709.1567,524.45953,552.8585,0
74030.07707,6166.9473,5844.346,44.247,6715.892,4318.5713,4937.7026,0
74030.0804,-733.2751,-733.4316,-3092.3323,-1705.2981,-1320.2013,-1196.5647,0
74030.08374,-9490.363,-9016.452,-205.75684,-11828.153,-8254.419,-8686.302,0
74030.08707187179,-8600.955,-8304.814,179.69835,-11398.268,-7275.618,-7757.7354,0
74030.09041,2400.1091,2334.9846,3573.895,301.79105,2351.3264,2348.8333,0
74030.09374,5995.5537,5513.2188,44.247,5226.3394,4186.0303,4703.5273,0
74030.09707,581.4453,520.0065,-1309.4739,-447.3987,-162.06424,140.61948,0
74030.10040563259,-9723.591,-9311.287,-144.02899,-11010.683,-8524.289,-8824.351,0
74030.10374,-8319.423,-7805.317,-44.24565,-8934.183,-6695.637,-7329.762,0
74030.10707,2226.911,2145.2869,3301.8784,2924.1506,2349.028,2275.9692,0
74030.11041,6008.461,5512.019,44.247,8336.444,4312.588,4804.145,0
74030.11373939339,-114.78133,-183.99142,-2334.2832,1739.8165,-651.6597,-454.8809,0
74030.11707283359,-10230.868,-9818.177,-370.8638,-9105.95,-8965.296,-9266.349,0
74030.12041,-8810.905,-8500.845,130.93636,-7912.752,-7376.14,-7881.062,0
74030.12373971399,1417.9574,1269.5677,1977.4957,2699.3533,1224.6368,1383.5364,0
74030.12707315419,6387.568,5857.8433,44.247,8313.961,4397.5576,5198.829,0
74030.13040659438,-879.0535,-944.02185,-3299.2974,17.939207,-1699.4583,-1287.3231,0
74030.13374,-9893.184,-9544.337,-246.20953,-10277.147,-8756.76,-9028.88,0
74030.13707347479,-8646.603,-8350.897,-44.24565,-9358.056,-7335.905,-7735.526,0
74030.14040691499,927.15204,726.6601,1770.2798,841.83295,815.20325,912.1368,0
74030.14374035518,6389.069,5926.2285,44.247,7431.7407,4495.991,5187.749,0
74030.14707379538,-477.39743,-589.20465,-2799.1667,-186.32257,-1234.283,-884.6205,0
74030.15040723559,-9973.027,-9664.311,-314.8293,-10557.731,-8859.682,-9047.746,0
74030.15374067579,-8651.887,-8383.74,-1.8046497,-9430.427,-7288.976,-7660.4443,0
74030.15707411598,1877.4006,1662.2922,2611.0366,1751.4512,1657.4857,1882.996,0
74030.16040755618,6528.9453,5929.8276,44.247,7207.5137,4585.7485,5237.7583,0
74030.16374099639,282.87112,216.98994,-2224.0735,24.315138,-322.2469,-110.191795,0
74030.16707443658,-9458.546,-9179.316,-162.30763,-11018.477,-8353.451,-8678.814,0
74030.17040787678,-8360.992,-8182.624,551.7344,-10443.48,-7053.4766,-7445.2915,0
74030.17374131698,2307.2646,2039.595,3261.2798,806.7486,2099.9062,2174.8857,0
74030.17707475717,6394.1714,5814.653,44.247,6018.03,4433.4604,5075.1533,0
74030.18040819738,-682.76874,-828.9584,-2853.94,-1351.8812,-1409.0444,-1161.548,0
74030.18374163758,-9954.117,-9746.192,-148.52374,-11094.318,-8882.121,-9145.368,0
74030.18707507777,-8560.202,-8361.372,46.95735,-9354.985,-7414.0435,-7719.187,0
74030.19040851797,1385.7296,1119.3772,2292.3638,1534.4457,1063.9806,1288.4497,0
74030.19374195818,6350.648,5857.5435,44.247,8018.389,4481.6304,5004.7812,0
74030.19707539838,-728.1538,-869.96094,-3015.7773,454.1235,-1457.5411,-1192.5929,0
74030.20040883857,-9595.421,-9206.91,-232.42566,-9005.527,-8429.445,-8867.473,0
74030.20374227877,-8695.576,-8455.469,155.01636,-8235.805,-7440.022,-7883.035,0
74030.20707571896,2188.623,2161.87,2797.8972,3212.5823,2072.214,2141.504,0
74030.21040915918,6097.0093,5656.2876,44.247,7988.712,4158.2056,4776.2954,0
74030.21374259937,-88.65087,-147.70958,-2120.7483,880.7327,-758.9406,-607.09546,0
74030.21707603957,-9849.66,-9452.257,-109.26963,-9821.799,-8750.178,-9022.891,0
74030.22040947976,-8650.504,-8306.507,-44.24565,-8873.329,-7342.4873,-7698.992,0
74030.22374291996,1303.8585,1376.0497,2520.745,1560.9492,1347.6698,1382.7048,0
74030.22707636017,6187.0586,5789.158,44.247,7313.9316,4442.4365,4954.173,0
74030.23040980037,-434.47653,-385.76968,-2260.2156,-236.84511,-940.13293,-739.7329,0
74030.23374324056,-9792.929,-9328.983,-163.50623,-10508.27,-8529.375,-8831.538,0
74030.23707668076,-8723.305,-8278.353,114.08035,-9562.45,-7260.1553,-7699.977,0
74030.24041012097,1604.1813,1460.1816,2455.634,1268.1355,1503.1481,1564.6335,0
74030.24374356116,6218.5757,5833.549,44.247,6810.0195,4376.6143,4992.204,0
74030.24707700136,-1011.5645,-1038.5433,-3204.9028,-1226.8909,-1715.4191,-1350.3754,0
74030.25041044156,-9550.396,-9241.103,-176.0915,-10874.888,-8419.273,-8661.146,0
74030.25374388175,-8577.7705,-8244.302,-10.533649,-10120.83,-7182.5166,-7593.1113,0
74030.25707732196,1630.6827,1508.4993,2466.0771,739.9282,1539.1879,1619.6395,0
74030.26041076216,6016.865,5535.414,44.247,6164.017,4058.276,4822.412,0
74030.26374420236,-296.78564,-308.4942,-2244.77,-739.0827,-918.4748,-703.0556,0
74030.26707764255,-9757.51,-9358.377,-108.37068,-10749.284,-8616.141,-8898.916,0
74030.27041108276,-8610.26,-8323.875,-36.11865,-9139.791,-7309.5273,-7677.689,0
74030.27374452296,1030.2546,946.39856,1744.7462,1621.1482,957.3362,1027.0988,0
74030.27707796315,6133.629,5532.7144,44.247,8211.74,4118.7124,4896.9766,0
74030.28041140335,-990.889,-1012.0602,-3270.0554,653.52325,-1557.0286,-1288.3644,0
74030.28374484355,-9309.665,-8905.477,-181.18556,-8402.092,-8037.5063,-8467.398,0
74030.28707828376,-8494.64,-8101.251,-15.65065,-7766.7646,-7023.6772,-7476.948,0
74030.29041172395,2288.8835,2183.5554,2453.1948,3483.724,2209.6064,2310.064,0
74030.29374516415,6096.4087,5623.2944,44.247,7707.5283,4285.6606,4840.978,0
74030.29707860434,-895.42786,-883.4287,-3275.1787,-560.1017,-1396.788,-1190.2603,0
74030.30041204455,-9945.412,-9544.337,-164.70482,-11122.797,-8681.963,-9031.874,0
74030.30374548475,-8544.546,-8134.945,-44.24565,-10187.217,-7063.0435,-7600.7705,0
74030.30707892495,862.6677,820.0873,1886.8114,-286.58054,708.8531,894.51807,0
74030.31041236514,6167.2476,5639.1914,44.247,5850.7583,4202.1865,4933.211,0
74030.31374580534,-972.38947,-927.8888,-2727.427,-2081.164,-1512.4829,-1313.0037,0
74030.31707924555,-9761.111,-9377.273,-94.5868,-11580.844,-8550.618,-8843.815,0
74030.32041268575,-8324.673,-7893.136,227.25635,-9818.89,-6805.304,-7379.278,0
74030.32374612594,2532.38,2430.4304,3586.229,2313.0461,2480.366,2501.699,0
74030.32707956614,6217.975,5837.7476,44.247,7489.2964,4403.841,4839.7803,0
74030.33041300635,-622.6063,-660.52997,-2574.7568,343.50388,-1240.9182,-1105.6099,0
74030.33374644654,-9581.313,-9092.936,-60.42673,-9034.6045,-8307.676,-8806.683,0
74030.33707988674,-8688.229,-8416.16,-9.63065,-7971.7817,-7446.3975,-7835.0674,0
74030.34041332694,1860.3301,1817.2943,2163.096,3398.0283,1775.1936,1788.6631,0
74030.34374676713,6566.766,6159.5776,44.247,9162.008,4907.6772,5280.8804,0
74030.34708020734,16.94016,37.39947,-2050.5093,1616.8827,-440.25095,-354.08813,0
74030.35041364754,-9806.736,-9455.556,-44.24565,-9618.556,-8554.208,-8963.897,0
74030.35374708773,-8158.281,-7870.947,479.79535,-8576.513,-6799.298,-7237.8374,0
74030.35708052793,2181.827,2036.9349,3131.5813,2034.9481,2154.1267,2130.9226,0
74030.36041396813,6012.363,5477.8267,44.247,6628.659,4187.5264,4773.6006,0
74030.36374740834,-45.491833,-116.35065,-1675.3173,-389.35712,-601.8512,-334.24442,0
74030.36708084853,-9782.123,-9450.157,-95.1861,-11128.192,-8667.9,-8906.402,0
74030.37041428873,-8719.141,-8382.014,316.35236,-10135.082,-7384.8984,-7698.9404,0
74030.37374772893,980.0049,952.5721,1463.9185,373.898,1028.4844,1029.6885,0
74030.37708116914,5605.6406,5164.9946,44.247,6225.17,3831.1904,4467.5557,0
74030.38041460933,-1186.23,-1088.594,-3438.2812,-1213.9565,-1656.1143,-1465.0117,0
74030.38374804953,-10117.106,-9687.105,-230.02846,-10899.769,-8762.744,-9065.414,0
74030.38708148972,-8646.603,-8119.9478,-44.24565,-9466.272,-7013.976,-7532.494,0
74030.39041492992,1282.4087,1246.3326,1940.8413,1285.2272,1383.1799,1411.0184,0
74030.39374837013,6409.1797,5991.6143,44.247,7447.029,4645.8857,5228.176,0
74030.39708181033,-425.37543,-509.30273,-2321.3738,-6.9227796,-1062.345,-704.77356,0
74030.40041525052,-9352.288,-9060.843,-53.83444,-9765.442,-8216.722,-8424.576,0
74030.40374869072,-8287.906,-7924.9907,-44.24565,-8668.287,-6761.16,-7298.319,0
74030.40708213093,654.47046,542.9003,1334.533,1150.4304,629.2124,563.80273,0
74030.41041557112,5889.5957,5255.575,44.247,7468.912,3976.597,4557.692,0
74030.41374901132,-879.05347,-986.3952,-2845.5132,-41.25743,-1525.3807,-1322.0151,0
74030.41708245152,-9945.112,-9679.907,-168.89992,-10192.913,-8798.348,-9077.691,0
74030.42041589171,-8332.381,-8031.066,153.81235,-9012.812,-7019.966,-7403.3115,0
74030.42374933192,2508.1057,2268.5464,3375.1807,2380.521,2294.5596,2548.3071,0
74030.42708277212,6287.313,5748.6675,44.247,6905.346,4265.0166,5105.698,0
74030.43041621232,-124.810455,-311.9212,-1670.1595,-331.47037,-888.28796,-478.46692,0
74030.43374965251,-9967.324,-9648.714,-52.63584,-11099.714,-8861.477,-9090.269,0
74030.43708309272,-8713.152,-8439.485,94.81635,-9931.245,-7446.0684,-7836.6284,0
74030.44041653292,1777.1376,1541.6254,2639.3047,1355.3018,1585.9098,1737.789,0
74030.44374997311,6407.679,5875.8394,44.247,7470.1113,4519.927,5151.515,0
74030.44708341331,-826.5263,-955.66925,-2647.8179,-138.66933,-1471.9318,-1256.6469,0
74030.45042,-9693.274,-9400.968,-44.24565,-9422.806,-8563.483,-8903.407,0
74030.45375029372,-8174.9976,-7884.409,404.84634,-7823.8,-6889.5054,-7341.2344,0
74030.45708373391,2997.9944,2724.6907,3438.555,4101.984,2650.291,2862.8203,0
74030.46041717411,6712.3457,6261.2554,44.247,8867.935,4840.958,5462.351,0
74030.46375,-350.0273,-369.17267,-2564.0354,954.32,-852.15344,-753.438,0
74030.46708405451,-9559.101,-9184.115,-59.527782,-9439.893,-8301.393,-8773.742,0
74030.47041749471,-8437.366,-8237.164,395.81635,-8821.768,-7146.5645,-7631.754,0
74030.47375,2175.1206,2033.2872,2426.8245,1853.8783,2021.414,2083.9727,0
74030.47708,6139.332,5580.704,44.247,6225.4697,4206.6743,4774.499,0
74030.48042,-744.7967,-888.9447,-2630.4587,-1791.5017,-1420.6798,-1189.2913,0
74030.48375125551,-9829.849,-9542.837,-44.24565,-11995.125,-8746.588,-8990.849,0
74030.48708,-8463.082,-8227.771,-1.2026497,-11000.614,-7289.2715,-7640.9766,0
74030.49042,1144.5377,912.48737,1693.563,-535.06573,803.73083,1011.93445,0
74030.49375,6029.472,5584.303,44.247,5882.834,4148.9307,4857.748,0
74030.49709,-708.5921,-695.7166,-2533.444,-953.35944,-1276.4718,-955.88306,0
74030.50042,-9848.459,-9449.558,-69.41622,-10261.56,-8561.6875,-8886.638,0
74030.50375,-8713.362,-8360.2705,19.26535,-8589.788,-7296.329,-7696.5703,0
74030.50709,2047.0515,1882.8491,2481.2244,3260.8438,1993.509,2076.9724,0
74030.51041877709,6201.4663,5719.2734,44.247,8768.711,4451.412,5009.273,0
74030.51375,-415.1842,-432.07248,-2143.3342,1549.442,-885.75085,-695.9059,0
74030.51709,-9976.029,-9715.299,-63.42323,-9062.783,-8876.137,-9080.686,0
74030.52042,-8330.529,-7960.9824,-44.24565,-8075.9434,-6989.4424,-7478.5923,0
74030.52375253789,1402.1887,1291.5278,1882.406,1644.2605,1246.5236,1276.2141,0
74030.52708597809,6586.5767,6152.079,44.247,7158.052,4772.7427,5329.692,0
74030.53042,-857.0677,-875.27356,-2658.3691,-1590.7822,-1485.8821,-1208.8495,0
74030.53375,-9781.223,-9471.753,-44.24565,-11595.832,-8728.936,-8928.562,0
74030.53708629869,-8688.024,-8299.009,-44.24565,-10588.908,-7369.414,-7783.1396,0
74030.54041973889,430.32394,291.65222,630.47906,-691.5387,260.17612,370.19464,0
74030.54375,6482.1196,5998.5127,44.247,6526.738,4595.3228,5214.9995,0
74030.54708661929,-567.5192,-823.4114,-2690.2822,-802.1399,-1334.7717,-894.24756,0
74030.55042005949,-9472.954,-9274.695,-53.23514,-10040.33,-8365.718,-8642.88,0
74030.55375349968,-8242.427,-8023.1416,443.67535,-8341.042,-6890.17,-7329.6562,0
74030.55708693988,3238.4766,3021.856,3418.6313,4147.608,2993.6753,3098.7966,0
74030.56042038009,6383.966,5877.039,44.247,8470.141,4514.242,5066.17,0
74030.56375382029,261.55847,103.77886,-1461.6953,1623.5665,-337.40488,-100.10161,0
74030.56708726048,-9563.304,-9220.407,-44.24565,-8995.335,-8340.886,-8615.03,0
74030.57042070068,-8101.868,-7788.4883,473.17334,-7737.786,-6671.284,-7129.767,0
74030.57375414089,3199.6409,2903.701,3664.2297,4000.837,2960.3198,3169.1672,0
74030.57708758108,6274.706,5694.379,44.247,7543.5547,4260.8276,5032.6304,0
74030.58042102128,-396.3006,-585.3731,-1949.5042,-261.20282,-1151.4899,-719.0134,0
74030.58375446148,-9486.762,-9067.741,-44.24565,-10678.539,-8191.5894,-8629.704,0
74030.58708790167,-8395.064,-8066.5596,-44.24565,-9927.317,-7008.2915,-7530.398,0
74030.59042134188,342.5808,196.06898,817.12146,-813.82715,243.1639,115.52536,0
74030.59375478208,6236.5854,5675.4834,44.247,5829.775,4260.2295,4843.074,0
74030.59708822228,-1564.0273,-1587.5248,-3389.36,-2811.3616,-2218.1174,-2027.1761,0
74030.60042166247,-9475.955,-9167.619,-44.24565,-11312.551,-8374.096,-8717.1455,0
74030.60375510267,-8583.268,-8416.883,-44.24565,-10138.055,-7309.576,-7818.775,0
74030.60708854288,1975.3939,1611.3162,1863.8652,1495.0698,1467.4003,1669.8308,0
74030.61042198307,6718.049,6092.992,44.247,7533.962,4692.5596,5268.303,0
74030.61375542327,-117.709656,-348.62366,-2044.387,420.40216,-721.62384,-609.50604,0
74030.61708886347,-9467.551,-9259.398,-44.24565,-9557.402,-8278.3545,-8651.564,0
74030.62042230368,-7394.8984,-7218.6104,1151.6273,-7142.368,-6030.5283,-6515.996,0
74030.62375574387,3534.4023,3198.4194,3740.9524,4730.1333,3290.249,3375.2935,0
74030.62708918407,6216.7744,5627.7935,44.247,8310.364,4320.666,4933.211,0
74030.63042262426,-171.21767,-282.19052,-2011.8961,965.0935,-642.3547,-507.9705,0
74030.63375606446,-10232.669,-9996.038,-44.24565,-10153.942,-9028.126,-9387.03,0
74030.63708950467,-8588.867,-8413.586,209.19635,-8991.9,-7338.57,-7755.1885,0
74030.64042294487,1529.6191,1278.732,1895.4636,1764.9586,1271.4148,1359.1921,0
74030.64375638506,6302.3213,5773.562,44.247,7040.842,4536.9805,4959.863,0
74030.64708982526,-1842.2476,-1871.0049,-3380.5044,-2314.7395,-2288.4097,-2231.0027,0
74030.65042326547,-9649.15,-9191.014,-44.24565,-11298.161,-8367.214,-8783.625,0
74030.65375670567,-8991.791,-8711.719,-44.24565,-10946.232,-7723.656,-8146.9795,0
74030.65709014586,1626.7552,1509.3151,1687.8025,557.75824,1446.2391,1490.3927,0
74030.66042358606,6340.4424,5849.1455,44.247,6510.85,4439.4443,4962.2583,0
74030.66375702625,-1279.1182,-1348.926,-3198.5115,-1540.4194,-1944.1912,-1691.7307,0
74030.66709046646,-9504.771,-9242.003,-44.24565,-10268.455,-8555.704,-8700.076,0
74030.67042390666,-7493.965,-7373.6406,822.93536,-7995.6562,-6446.584,-6735.087,0
74030.67375734686,3055.7554,2742.8518,3005.471,3590.4685,2661.0432,2788.7942,0
74030.67709078705,6715.047,6013.809,44.247,8545.083,4647.98,5239.256,0
74030.68042422726,50.808403,-104.06832,-1693.0376,1210.906,-617.9761,-413.26352,0
74030.68375766746,-9459.446,-9301.989,-44.24565,-9299.9,-8438.721,-8745.894,0
74030.68709110765,-8230.244,-7997.971,182.70834,-8462.317,-7015.304,-7458.263,0
74030.69042454785,2621.899,2326.3079,3040.4512,2956.7383,2308.2869,2459.2158,0
74030.69375798805,6034.875,5432.8364,44.247,7054.3315,4114.5234,4661.903,0
74030.69709142826,-1531.5328,-1659.3284,-3042.9553,-1537.6871,-2181.9968,-1912.0876,0
74030.70042486845,-10211.958,-9971.743,-44.24565,-11473.526,-9128.953,-9328.037,0
74030.70375830865,-8669.715,-8288.211,-44.24565,-10211.198,-7208.1504,-7705.58,0
74030.70709174885,1022.19916,911.18225,1452.6941,8.274377,955.9041,944.0158,0
74030.71042518906,6263.9004,5808.354,44.247,6213.779,4457.994,4939.799,0
74030.71375862925,-970.4715,-957.65045,-2110.9731,-1603.6172,-1452.041,-1277.1971,0
74030.71709206945,-9897.686,-9521.542,-44.24565,-11232.812,-8689.442,-9067.51,0
74030.72042550964,-8159.442,-7855.435,710.06036,-9296.217,-6855.9565,-7307.9272,0
74030.72375894984,2540.328,2370.327,2935.023,2535.387,2337.365,2352.5354,0
74030.72709239005,6225.7793,5763.664,44.247,7678.4507,4216.8467,4946.986,0
74030.73042583025,-930.7918,-964.8884,-2481.2734,266.31638,-1518.5928,-1219.6699,0
74030.73375927044,-9633.542,-9262.998,-44.24565,-8946.473,-8378.883,-8791.41,0
74030.73709271064,-8211.021,-7843.871,79.16435,-7650.366,-6821.7524,-7365.064,0
74030.74042615083,2503.0398,2259.6472,2380.1475,3797.4573,2211.6099,2295.1694,0
74030.74375959105,6424.188,5888.737,44.247,8427.274,4560.018,5057.4854,0
74030.74709303124,-960.38446,-1046.7476,-2826.7988,60.541637,-1514.333,-1337.2179,0
74030.75042647144,-9578.912,-9339.182,-44.24565,-9829.593,-8344.177,-8775.24,0
74030.75375991163,-8199.314,-7988.4907,403.64236,-9152.381,-6815.912,-7265.778,0
74030.75709335184,2254.9558,2002.6833,2408.5322,1255.2272,2011.5226,2203.1409,0
74030.76042679204,5962.5356,5371.9497,44.247,5515.6167,4020.8772,4785.5786,0
74030.76376023224,-1449.3639,-1436.2742,-2773.993,-2964.9998,-1830.3136,-1711.2926,0
74030.76709367243,-9623.636,-9221.007,-44.24565,-11891.704,-8265.789,-8686.9,0
74030.77042711263,-8377.332,-8007.8784,179.99934,-10665.031,-6884.2754,-7499.3027,0
74030.77376055284,2543.8494,2428.3596,2948.633,1331.8223,2464.8003,2425.919,0
74030.77709399303,5830.4634,5359.952,44.247,6039.913,4088.7932,4572.9644,0
74030.78042743323,-792.12897,-889.72516,-1932.1238,-749.3664,-1234.0814,-1126.2325,0
74030.78376087343,-9988.336,-9637.017,-44.24565,-10097.586,-8636.785,-9116.321,0
74030.78709431364,-8105.36,-7794.346,512.90533,-7608.1235,-6687.2017,-7194.246,0
74030.79042775383,3149.0466,2892.3394,3284.261,4833.777,2883.2217,3063.9155,0
74030.79376119403,6546.655,6143.081,44.247,9306.797,4748.807,5166.787,0
74030.79709463422,-794.76764,-741.0429,-2209.5688,1293.3682,-1279.2261,-1154.7748,0
74030.80042807442,-9667.761,-9272.296,-44.24565,-8372.415,-8368.71,-8880.648,0
74030.80376151463,-8583.268,-8314.905,-44.24565,-7850.2173,-7234.7783,-7746.9053,0
74030.80709495483,557.3961,354.8521,602.9628,1559.7211,418.12332,389.20535,0
74030.81042839502,6344.044,5775.661,44.247,7623.8926,4498.385,5040.117,0
74030.81376183522,-1617.0919,-1675.1062,-3068.5164,-1755.0227,-2055.8682,-1958.7362,0
74030.81709527543,-9520.68,-9236.903,-44.24565,-11171.359,-8387.858,-8681.211,0
74030.82042871563,-8147.7847,-7901.0356,368.12436,-10416.952,-6846.643,-7231.822,0
74030.82376215582,1759.4791,1649.0364,1595.566,-232.4691,1722.246,1642.2365,0
74030.82709559602,6492.025,6009.0103,44.247,5299.7827,4807.4487,5299.447,0
74030.83042903621,-692.17236,-681.299,-2328.3992,-2603.7046,-1062.5476,-961.04913,0
74030.83376247642,-10114.1045,-9801.381,-44.24565,-12503.533,-8887.806,-9201.666,0
74030.83709591662,-7661.7344,-7306.7783,1155.2394,-9589.669,-6191.172,-6734.2812,0
74030.84042935682,3995.4695,3743.0469,4081.4333,3401.2026,3763.2178,3870.4749,0
74030.84376279701,5942.425,5438.835,44.247,7022.2563,4113.028,4570.868,0
74030.84709623722,430.62558,259.21912,-551.7402,1419.9299,-251.61388,161.14876,0
74030.85042967742,-10022.8545,-9686.206,-44.24565,-9141.323,-8956.0205,-9147.165,0
74030.85376311762,-8999.979,-8533.28,34.01435,-7622.972,-7578.6763,-8113.339,0
74030.85709655781,671.168,616.7381,730.771,3155.9753,490.1558,454.32584,0
74030.86043,6039.3774,5662.286,44.247,9625.451,4218.0435,4792.7656,0
74030.86376343822,-2425.185,-2303.1306,-3725.0447,313.35443,-2870.385,-2668.874,0
74030.86709687841,-9754.508,-9317.286,-44.24565,-8354.129,-8544.934,-8849.505,0
74030.87043031861,-8691.026,-8288.511,-44.24565,-7723.115,-7259.6113,-7722.6494,0
74030.87376,883.1468,772.2362,757.8847,1715.5504,802.7917,759.12384,0
74030.8771,6626.799,6058.1997,44.247,7694.638,4609.6836,5252.7314,0
74030.88043063921,-933.6938,-1068.4868,-2597.0332,-1471.1255,-1569.0945,-1331.3484,0
74030.88376407941,-9128.065,-8747.711,-44.24565,-11098.216,-7887.612,-8315.873,0
74030.8871,-7833.157,-7470.29,-44.24565,-10546.041,-6353.6626,-6964.724,0
74030.89043,3066.625,2863.7239,2919.089,798.67035,2834.66,2834.1743,0
74030.89376440001,6388.1685,5774.7617,44.247,4624.4033,4427.1777,4984.7173,0
74030.8971,166.1256,26.637619,-940.1593,-2143.146,-332.92667,-113.496765,0
74030.90043,-9867.069,-9541.037,-44.24565,-12700.781,-8606.865,-8935.749,0
74030.90376,-8419.873,-8233.158,425.91635,-10918.2295,-7082.656,-7522.597,0
74030.9071,3074.1453,2803.0542,3459.2966,2069.9692,2841.2866,3051.042,0
74030.91043,6114.1187,5613.0967,44.247,6773.4478,4246.7656,4938.9004,0
74030.91377,-916.1552,-852.0906,-1783.7772,-332.3161,-1264.1785,-1064.907,0
74030.9171,-10081.687,-9618.12,-44.24565,-9513.036,-8834.25,-9093.862,0
74030.92043,-8942.508,-8527.705,83.98035,-7742.975,-7511.6562,-7901.067,0
74030.92377,1436.5776,1366.5419,1322.3632,3753.4983,1285.4454,1332.3029,0
74030.9271,6197.264,5885.7373,44.247,9664.721,4384.3936,4932.3125,0
74030.93043,-1397.567,-1239.7366,-2731.6985,1292.2544,-1899.2577,-1668.5479,0
74030.93376568239,-9764.413,-9317.286,-44.24565,-8157.7803,-8521.8955,-8858.189,0
74030.93709912259,-8371.222,-8026.502,2.7103503,-7307.4434,-7142.944,-7397.1987,0
74030.94043,2009.9125,1849.112,1667.2511,3389.7373,1654.8473,1935.0148,0
74030.94377,6979.1914,6578.586,44.247,8563.969,5215.245,5749.5303,0
74030.94709944319,-1379.9822,-1288.3815,-2961.0452,-1201.0634,-1829.527,-1654.136,0
74030.95043288339,-9241.827,-8897.978,-44.24565,-10664.149,-8027.6333,-8304.793,0
74030.95377,-7837.009,-7557.258,298.29236,-9900.437,-6521.2446,-6906.9697,0
74030.9571,3209.6904,2913.969,3018.6902,1460.9939,2894.2537,3030.11,0
74030.96043320399,6552.358,5916.6304,44.247,5715.8623,4521.7217,5201.2246,0
74030.96376664418,-1041.6951,-1171.3734,-2365.1963,-2890.5894,-1671.344,-1367.7307,0
74030.96710008438,-9566.305,-9394.97,-44.24565,-12079.959,-8619.73,-8743.497,0
74030.97043352459,-8308.88,-8186.62,185.41734,-10686.893,-7155.9077,-7428.0044,0
74030.97376696479,2344.1328,2122.9932,2308.7947,1142.5558,2085.4841,2242.1228,0
74030.97710040498,6014.164,5503.321,44.247,6227.2686,4092.3835,4875.4155,0
74030.98043384518,-1516.8516,-1486.8176,-2440.8171,-1582.25,-1984.5378,-1637.2806,0
74030.98376728539,-10224.865,-9918.3545,-44.24565,-10750.483,-9058.644,-9230.714,0
74030.98710072559,-8499.521,-8062.9604,-44.24565,-8739.932,-7042.399,-7488.7734,0
74030.99043416578,1703.7092,1620.816,2024.9747,2647.1562,1490.8131,1666.9346,0
74030.99376760598,6302.6216,5882.438,44.247,8698.865,4422.3906,5072.758,0
74030.99710104617,-754.4193,-797.6522,-1656.6963,1300.0068,-1448.9442,-1070.649,0
74031.00043448638,-9052.124,-8653.531,-44.24565,-7628.388,-8001.903,-8289.222,0
74031.00376792658,-8073.589,-7610.0596,-44.24565,-6530.034,-6878.443,-7328.2646,0
74031.00710136678,1097.7584,973.91943,409.61172,3457.5156,751.8141,819.0942,0
74031.01043480697,6748.9653,6263.9546,44.247,9996.865,4722.778,5382.396,0
74031.01376824717,-1270.5244,-1280.9305,-3012.265,736.93585,-1879.6613,-1634.3055,0
74031.01710168738,-9515.877,-9213.809,-44.24565,-8811.877,-8449.791,-8689.296,0
74031.02043512758,-8104.365,-7836.031,6.3223505,-8350.025,-6860.4863,-7220.8,0
74031.02376856777,2766.013,2499.167,2359.4482,2379.9077,2473.063,2565.423,0
74031.02710200797,6734.5576,6162.877,44.247,6436.2075,4691.0635,5398.267,0
74031.03043544818,14.431851,-141.19792,-1248.8196,-1820.7272,-676.24457,-279.42148,0
74031.03376888837,-9637.144,-9391.67,-44.24565,-12941.796,-8493.473,-8713.252,0
74031.03710232857,-7885.3403,-7677.725,836.7814,-11654.581,-6546.43,-6910.1978,0
74031.04043576877,3364.122,2986.4202,3223.3875,59.886784,3053.5037,3270.8323,0
74031.04376920896,6038.7773,5452.332,44.247,4123.489,4164.7876,4778.9907,0
74031.04710264917,-1402.7886,-1509.1464,-2560.6052,-3531.363,-1829.752,-1535.2542,0
74031.05043608937,-10103.299,-9827.774,-44.24565,-12155.501,-8926.102,-9177.111,0
74031.05376952956,-8868.113,-8447.381,67.425354,-10162.4795,-7477.349,-7837.967,0
74031.05710296976,1611.6791,1431.4935,1310.0905,1934.0251,1199.7135,1547.3292,0
74031.06043640997,5964.937,5534.814,44.247,8084.0386,3946.3787,4774.7983,0
74031.06376985017,-2195.3723,-2111.7512,-3395.2422,70.9593,-2691.6108,-2445.1785,0
74031.06710329036,-9380.804,-8959.164,-44.24565,-7349.603,-8170.3467,-8502.734,0
74031.07043673056,-8131.619,-7815.1753,136.35435,-5793.0625,-6910.866,-7316.259,0
74031.07377017075,2684.6592,2463.3284,2114.3904,5986.401,2213.7476,2442.2397,0
74031.07710361097,6450.002,5820.052,44.247,10749.885,4399.951,5034.7266,0
74031.08043705116,-1059.8322,-1131.9961,-2467.3264,2240.198,-1681.3385,-1515.4327,0
74031.08377049136,-9399.113,-9139.425,-44.24565,-7395.4673,-8377.985,-8693.788,0
74031.08710393155,-7452.0425,-7283.1577,1219.0514,-6291.0483,-6406.8037,-6676.159,0
74031.09043737176,3967.5312,3708.7114,3306.4749,4740.4253,3507.7012,3827.2349,0
74031.09377081196,6188.559,5754.366,44.247,6653.84,4422.69,5001.7866,0
74031.09710425216,-941.77264,-937.26935,-1829.562,-2328.9155,-1321.0524,-1053.6292,0
74031.10043769235,-9969.726,-9571.331,-44.24565,-13174.716,-8591.906,-8976.475,0
74031.10377113255,-8577.955,-8235.29,247.42336,-12672.31,-7079.8394,-7591.19,0
74031.10710457276,2493.0623,2311.0098,2590.7556,-1393.7657,2391.6692,2414.7295,0
74031.11043801295,5942.7246,5488.0244,44.247,2814.9968,4078.92,4715.506,0
74031.11377145315,-1896.5983,-1934.6177,-2595.7556,-5584.9517,-2315.9805,-2193.0103,0
74031.11710489335,-10170.835,-9966.944,-44.24565,-13730.488,-9105.018,-9348.101,0
74031.12043833354,-8659.734,-8334.822,90.90335,-11237.056,-7394.6313,-7821.676,0
74031.12377177375,861.1694,891.1749,746.6484,351.63156,735.4865,681.6089,0
74031.12710521395,6438.296,6111.8877,44.247,8295.076,4683.2847,5183.8564,0
74031.13043865415,-1643.5715,-1459.8363,-2584.388,473.66464,-2005.7454,-1857.9397,0
74031.13377209434,-9701.078,-9277.395,-44.24565,-7259.672,-8561.09,-8824.052,0
74031.13710553455,-8102.4375,-7662.6416,268.19235,-4753.8237,-6806.853,-7250.3013,0
74031.14043897475,3476.439,3293.1582,2983.3867,8098.8916,3114.8547,3243.1746,0
74031.14377241494,6431.992,5935.2266,44.247,12130.921,4521.423,5070.961,0
74031.14710585514,-1025.7906,-1109.2097,-2192.7195,3467.949,-1648.8624,-1380.66,0
74031.15043929534,-9442.9375,-9143.624,-44.24565,-6782.4395,-8470.136,-8643.778,0
74031.15377273555,-8313.978,-8052.243,187.22334,-6850.14,-7109.8213,-7480.4,0
74031.15710617574,2852.862,2579.6274,2286.1548,3664.0955,2476.7288,2614.8872,0
74031.16043961594,6291.5156,5778.6606,44.247,6613.671,4370.631,5023.347,0
74031.16377305613,-746.81586,-801.04205,-1572.1489,-2711.5146,-1253.9047,-955.21936,0
74031.16710649634,-9882.077,-9430.361,-44.24565,-13931.033,-8523.392,-8839.024,0
74031.17043993654,-8633.672,-8216.249,288.35934,-13770.496,-7184.0107,-7584.9907,0
74031.17377337674,2621.474,2524.8708,2325.057,-2214.7773,2476.564,2677.4998,0
74031.17710681693,5866.783,5372.5493,44.247,2024.8054,3976.597,4767.9106,0
74031.18044025713,-1504.8708,-1485.7335,-2098.8442,-5735.731,-1960.1116,-1592.964,0
74031.18377369734,-9615.231,-9167.02,-44.24565,-13723.893,-8266.985,-8651.564,0
74031.18710713754,-8130.633,-7701.0903,167.35735,-11021.809,-6726.0796,-7229.557,0
74031.19044057773,2519.8247,2395.8691,2464.4949,1944.391,2250.204,2428.6375,0
74031.19377401793,6365.956,5915.4307,44.247,8352.032,4473.253,5124.264,0
74031.19710745814,-1722.9312,-1722.727,-2464.1165,850.90283,-2215.4302,-2045.6141,0
74031.20044089833,-9758.109,-9434.86,-44.24565,-6877.1665,-8642.47,-8945.931,0
74031.20377433853,-8325.346,-7979.827,309.12836,-4768.3447,-7005.2695,-7517.5063,0
74031.20710777873,2619.9265,2437.2825,2229.1372,7338.069,2222.8945,2410.4324,0
74031.21044121892,6264.2007,5823.351,44.247,11759.208,4359.5605,5012.567,0
74031.21377465913,-2348.9785,-2191.3826,-3255.4358,1691.1992,-2726.901,-2549.1113,0
74031.21710809933,-9785.425,-9336.182,-44.24565,-7581.624,-8553.311,-8871.365,0
74031.22044153952,-8873.226,-8487.668,-44.24565,-7939.5483,-7508.239,-7882.26,0
74031.22377497972,1339.5754,1248.4396,1007.28107,1695.826,1049.1749,1171.4933,0
74031.22710841993,6226.68,5703.977,44.247,6242.257,4276.685,4946.986,0
74031.23044186013,-1559.5708,-1532.778,-2397.4792,-3367.3433,-2027.684,-1835.8633,0
74031.23377530032,-9560.902,-9276.195,-44.24565,-12876.745,-8328.0205,-8686.302,0
74031.23710874052,-8120.5015,-7901.676,356.68634,-11963.208,-6865.2617,-7296.8623,0
74031.24044218072,3062.618,2831.0107,2552.4756,-8.650608,2727.5798,2919.701,0
74031.24377562093,6263.3,5911.232,44.247,4503.2964,4543.862,5090.426,0
74031.24710906112,-1418.7699,-1292.4691,-2308.0034,-3443.7798,-1648.3522,-1493.719,0
74031.25044250132,-9731.095,-9277.695,-44.24565,-11935.7705,-8256.8125,-8691.392,0
74031.25377594151,-8018.126,-7595.304,904.2053,-9768.458,-6549.0166,-6902.0664,0
74031.25710938171,3436.6558,3276.104,3199.7288,3104.3276,3241.5159,3403.2507,0
74031.26044282192,6034.275,5620.895,44.247,7255.177,4273.992,4893.6826,0
74031.26377626212,-1565.9236,-1583.7471,-2403.367,-537.45355,-2011.2839,-1759.6377,0
74031.26710970231,-9538.39,-9265.697,-44.24565,-8885.32,-8501.85,-8731.818,0
74031.27044314251,-8010.407,-7778.57,224.84834,-7113.1836,-6851.693,-7195.723,0
74031.27377658272,2445.8608,2177.1116,1518.345,4283.4805,2021.201,2289.5957,0
74031.27711002291,6819.504,6305.9453,44.247,9694.099,4854.1226,5556.68,0
74031.28044346311,-1973.6482,-2052.1052,-3193.5493,104.83254,-2515.5464,-2213.024,0
74031.28378,-9670.462,-9337.682,-44.24565,-8423.076,-8493.771,-8754.278,0
74031.28711,-8474.46,-8152.8867,225.14935,-7698.3315,-7138.3154,-7525.124,0
74031.29044378371,2861.6436,2684.8154,1942.3079,3923.0205,2549.2563,2795.0776,0
74031.29377722391,6115.9194,5691.0796,44.247,7346.9062,4328.1455,4969.7446,0
74031.29711,-1644.8083,-1756.6521,-2492.0833,-1843.0194,-2191.5178,-1858.6948,0
74031.30044,-9702.579,-9388.671,-44.24565,-11331.436,-8457.869,-8774.641,0
74031.30377754451,-7899.702,-7569.038,529.15936,-10040.384,-6441.4688,-7080.669,0
74031.30711098471,2846.7407,2551.2312,2574.1833,1283.5822,2654.9448,2654.662,0
74031.31044,6024.3696,5406.742,44.247,5239.2295,4244.073,4722.3936,0
74031.31378,-1581.4772,-1673.1094,-2214.5425,-3165.0217,-1894.6256,-1819.2625,0
74031.31711,-10300.206,-10047.927,-44.24565,-12435.186,-9043.982,-9393.618,0
74031.32044,-8654.782,-8422.348,360.90036,-10452.055,-7198.8335,-7709.7915,0
74031.32378,2062.0276,1923.0303,1856.2449,1607.5393,1913.1631,1979.1112,0
74031.32711,6003.0576,5602.2993,44.247,7134.969,4303.313,4918.837,0
74031.33045,-3140.1753,-2963.3474,-3780.7622,-2329.348,-3381.8123,-3196.1577,0
74031.33378,-9794.13,-9304.689,-44.24565,-9316.987,-8314.557,-8782.128,0
74031.33711,-8752.25,-8358.383,-40.633648,-8082.5234,-7346.654,-7811.27,0
74031.34045,1507.3871,1463.3834,1170.3934,3180.8962,1289.5708,1412.8027,0
74031.34378,6324.8335,5920.8296,44.247,8973.453,4458.593,5132.0503,0
74031.34711226709,-2591.1755,-2573.1848,-3182.4058,-836.37115,-3074.6892,-2826.7627,0
74031.35045,-9830.749,-9569.531,-44.24565,-8984.844,-8742.997,-9019.297,0
74031.35378,-8281.007,-7928.8125,62.30835,-7582.088,-7014.8315,-7404.6787,0
74031.35711258769,2725.284,2515.7307,2307.4165,3915.2898,2289.7166,2562.4668,0
74031.36044602789,6287.313,5873.14,44.247,8086.1367,4311.69,5069.464,0
74031.36378,-931.06384,-869.44257,-1337.3236,-408.75287,-1210.16,-1033.2355,0
74031.36711,-9336.079,-8783.403,-44.24565,-9950.699,-7889.108,-8294.611,0
74031.37044634849,-7703.882,-7355.175,786.2134,-8990.44,-6091.965,-6681.3726,0
74031.37377978869,3310.4587,3104.244,2956.2773,2438.936,3130.0427,3302.9062,0
74031.37711322888,5791.742,5361.4517,44.247,5381.9194,4084.6047,4652.62,0
74031.38044666909,-2162.9272,-2122.731,-2766.9468,-3942.7664,-2462.9185,-2305.6255,0
74031.38378010929,-9873.072,-9458.855,-44.24565,-12805.7,-8542.24,-8919.278,0
74031.38711354948,-8277.817,-7946.4556,670.32837,-11269.759,-6867.864,-7268.6025,0
74031.39044698968,2983.1548,2769.6267,2725.8027,831.1208,2661.3333,2872.2356,0
74031.39378042988,6354.2495,5972.4185,44.247,5446.0703,4690.4653,5167.0864,0
74031.39711387009,-2322.8494,-2269.781,-2754.926,-3526.5752,-2573.5803,-2466.2236,0
74031.40044731028,-9627.839,-9094.735,-44.24565,-10770.269,-8182.913,-8606.047,0
74031.40378075048,-8428.88,-8025.3887,317.25534,-8677.001,-7016.889,-7481.53,0
74031.40711419068,2407.2717,2424.126,1940.4651,3975.2124,2226.4324,2293.1335,0
74031.41044763089,6383.966,6034.8047,44.247,9667.719,4523.816,5123.965,0
74031.41378107108,-1740.6113,-1638.056,-2312.1028,1273.194,-2078.1921,-1966.6683,0
74031.41711451128,-9347.485,-9028.449,-44.24565,-6809.119,-8283.44,-8610.239,0
74031.42044795147,-7094.0522,-6788.0176,1289.1843,-4713.0767,-5910.324,-6318.248,0
74031.42378139167,3614.0645,3462.5957,2903.2092,6442.7314,3319.5786,3263.471,0
74031.42711483188,6649.311,6214.4653,44.247,9793.322,4891.8203,5331.4883,0
74031.43044827208,-2088.568,-1945.3872,-2765.6074,-757.05194,-2262.5955,-2312.44,0
74031.43378171227,-9845.157,-9427.0625,-44.24565,-10415.941,-8540.744,-8905.504,0
74031.43711515247,-7966.562,-7564.1934,881.0283,-9568.008,-6474.3584,-6938.7188,0
74031.44044859268,3636.6707,3365.4329,3492.6848,2019.1311,3377.5354,3593.9763,0
74031.44378203287,6244.99,5911.8315,44.247,5061.1665,4559.42,5139.5366,0
74031.44711547307,-2305.6196,-2312.6528,-2448.1194,-4694.614,-2754.8257,-2425.3652,0
74031.45044891327,-9867.97,-9574.33,-44.24565,-13198.098,-8652.642,-8922.273,0
74031.45378235346,-8465.77,-8104.284,652.56934,-11650.238,-7052.272,-7409.4385,0
74031.45711579367,2428.8105,2254.218,2003.5297,475.4276,2148.6392,2320.1152,0
74031.46044923387,6055.8867,5503.021,44.247,5677.792,4151.025,4767.6113,0
74031.46378267407,-1911.1329,-1950.0242,-2494.935,-2257.2285,-2375.9482,-2255.6965,0
74031.46711611426,-9587.917,-9253.4,-44.24565,-9951.299,-8395.638,-8883.344,0
74031.47044955447,-7327.402,-7103.187,1137.1793,-7098.961,-6129.9463,-6619.9814,0
74031.47378299467,3922.8743,3713.6792,3094.917,5553.3413,3570.729,3644.0474,0
74031.47711643486,6639.7056,6083.994,44.247,9510.34,4548.3496,5233.2666,0
74031.48044987506,-671.83984,-816.58704,-1412.6116,1596.9863,-1277.1859,-989.388,0
74031.48378331526,-9099.55,-8743.812,-44.24565,-7691.34,-7877.14,-8339.23,0
74031.48711675547,-7866.8604,-7499.7607,357.58936,-6657.5913,-6478.1035,-7074.9604,0
74031.49045019566,3101.1965,2903.0823,1942.9156,4735.9155,2896.108,2883.083,0
74031.49378363586,6212.272,5700.6777,44.247,8158.6807,4410.124,4896.078,0
74031.49711707605,-1883.5105,-1908.7583,-2494.8523,-1287.48,-2244.784,-2117.723,0
74031.50045051627,-9923.5,-9581.828,-44.24565,-10754.68,-8653.24,-9007.02,0
74031.50378395646,-8708.699,-8444.482,293.17535,-10237.098,-7337.467,-7799.377,0
74031.50711739666,1875.2671,1673.1104,1559.7969,666.4779,1419.9707,1723.866,0
74031.51045083685,5938.5225,5413.6406,44.247,5162.489,3937.1038,4651.422,0
74031.51378427705,-2367.8555,-2236.982,-2671.7083,-4143.331,-2656.664,-2539.3022,0
74031.51711771726,-9926.201,-9484.05,-44.24565,-12565.885,-8595.796,-9028.88,0
74031.52045115746,-6708.8003,-6294.683,2204.8264,-9272.118,-5210.3984,-5745.7837,0
74031.52378459765,3446.8535,3401.115,3335.414,1983.007,3262.896,3349.2,0
74031.52711803785,6116.2197,5822.751,44.247,6131.642,4393.6685,4949.3813,0
74031.53045147804,-2306.0884,-2155.0505,-2337.7773,-2657.4583,-2613.5288,-2486.931,0
74031.53378491825,-9628.739,-9245.602,-44.24565,-10064.312,-8407.6045,-8761.765,0
74031.53711835845,-8010.647,-7754.2495,570.99835,-7761.6675,-6828.0703,-7220.301,0
74031.54045179865,2679.2778,2403.1519,2244.6587,4275.193,2151.315,2444.331,0
74031.54378523884,6504.332,5974.518,44.247,9461.178,4644.3896,5223.385,0
74031.54711867905,-2864.02,-2821.2556,-3400.685,-194.22853,-3181.098,-3100.2788,0
74031.55045211925,-9627.238,-9304.689,-44.24565,-7675.4517,-8310.667,-8732.118,0
74031.55378555944,-8121.358,-7753.8345,264.58035,-6620.8003,-6761.0986,-7285.057,0
74031.55711899964,3026.504,2843.405,2284.5505,4726.5205,2733.9062,2892.321,0
74031.56045243984,6287.9136,5869.541,44.247,8235.722,4444.2314,5088.3296,0
74031.56378588005,-1168.1213,-1164.4343,-1550.514,-964.54553,-1524.3082,-1292.8966,0
74031.56711932024,-9953.816,-9643.015,-44.24565,-11211.828,-8833.652,-8946.2295,0
74031.57045276044,-7385.4697,-7097.1143,1412.2933,-9417.749,-6206.9795,-6458.062,0
74031.57378620064,3071.4656,2860.452,2451.4954,1384.8711,2653.4934,2940.5376,0
74031.57711964085,6034.275,5471.228,44.247,4786.878,4126.491,4769.7075,0
74031.58045308104,-1724.9377,-1728.9053,-2159.22,-3841.5437,-2164.3633,-1925.0581,0
74031.58378652124,-9644.948,-9243.803,-44.24565,-12342.557,-8482.402,-8677.317,0
74031.58711996143,-7694.0825,-7298.0225,747.9863,-10041.587,-6494.0073,-6760.0264,0
74031.59045340163,3523.5066,3345.9036,2674.4958,2567.436,3133.784,3502.5173,0
74031.59378684184,6530.146,6078.895,44.247,7048.036,4644.091,5383.5938,0
74031.59712028204,-2242.176,-2233.0623,-2805.567,-1961.4277,-2665.6367,-2295.9192,0
74031.60045372223,-9672.863,-9358.377,-44.24565,-9677.609,-8530.572,-8635.094,0
74031.60378716243,-8635.976,-8363.34,-0.6006497,-8343.159,-7354.7905,-7664.9297,0
74031.60712060264,1753.1062,1689.3043,684.58954,3058.5781,1505.8837,1632.7354,0
74031.61045404284,6899.948,6493.4043,44.247,9278.618,5118.0083,5721.0815,0
74031.61378748303,-2666.886,-2698.2937,-3148.913,-1303.3405,-3115.9822,-2851.0122,0
74031.61712092323,-9127.465,-8752.21,-44.24565,-8580.455,-7954.631,-8253.586,0
74031.62045436342,-7176.0273,-6865.822,1170.2893,-7021.485,-5959.2085,-6290.409,0
74031.62378780363,4175.917,3966.829,3497.6528,4771.25,3810.988,4022.269,0
74031.62712124383,6626.799,6076.7954,44.247,7702.1323,4571.986,5428.812,0
74031.63045468403,-1780.9169,-1829.0035,-2091.2815,-1562.887,-2237.8928,-1941.0244,0
74031.63378812422,-9593.319,-9251.601,-44.24565,-10264.558,-8362.727,-8668.933,0
74031.63712156442,-7344.144,-6973.7476,1269.3184,-7968.95,-5875.4385,-6423.4595,0
74031.64045500463,4218.609,3957.898,3336.6506,4310.403,3938.3538,4116.1123,0
74031.64378844482,5955.932,5587.3027,44.247,6805.8228,4206.375,4766.1143,0
74031.64712188502,-2310.4124,-2342.9333,-2771.425,-2509.8816,-2654.8745,-2344.4934,0
74031.65045532522,-9787.826,-9401.567,-44.24565,-10809.238,-8486.591,-8756.374,0
74031.65378876543,-8238.57,-7867.3677,643.53937,-9315.674,-6773.78,-7152.85,0
74031.65712220562,3185.762,3010.2524,2444.012,2976.106,2849.568,3126.1238,0
74031.66045564582,6239.587,5844.346,44.247,6819.0127,4386.488,5167.386,0
74031.66378908601,-3081.7686,-2817.0044,-3100.5308,-3148.786,-3199.0818,-3075.3188,0
74031.66712252621,-9402.115,-8910.875,-44.24565,-10169.231,-7975.873,-8333.242,0
74031.67045596642,-8257.8,-7751.2134,-11.73765,-8840.521,-6759.4688,-7218.7964,0
74031.67378940662,2608.2148,2409.6301,1464.3793,3025.1104,2210.4714,2519.2908,0
74031.67712284681,6763.3735,6238.7603,44.247,8170.672,4871.7744,5549.7925,0
74031.68045628701,-1795.0405,-1809.0629,-2690.536,-1089.8903,-2216.8813,-1947.7316,0
74031.68378972722,-9345.984,-9105.232,-44.24565,-9386.834,-8163.1665,-8429.966,0
74031.68712316742,-7326.738,-7096.6724,943.9374,-7567.691,-6152.65,-6481.7246,0
74031.69045660761,3296.5872,3076.672,2088.176,3785.151,2802.2815,3046.722,0
74031.69379004781,6444.299,5986.2153,44.247,7550.749,4511.5493,5159.0015,0
74031.69712,-2075.5698,-2123.9495,-2447.946,-2237.635,-2519.6506,-2311.7175,0
74031.70045692821,-9487.962,-9140.625,-44.24565,-10580.515,-8260.403,-8551.845,0
74031.70379036841,-7445.954,-7141.645,1033.6354,-8858.13,-6176.3447,-6560.3213,0
74031.70712,3945.619,3692.928,3634.318,3281.5603,3557.9224,3842.2827,0
74031.71046,6432.2925,6086.0933,44.247,6562.41,4672.813,5314.7188,0
74031.71379068901,-2529.3745,-2434.0264,-2648.3416,-3204.9258,-2796.607,-2562.2827,0
74031.71712412921,-10116.506,-9737.194,-44.24565,-11343.727,-8953.627,-9028.281,0
74031.72046,-8453.724,-8071.79,342.23834,-9600.1875,-7142.6978,-7438.2803,0
74031.72379,2756.3535,2644.028,1783.4177,2586.008,2540.9744,2715.8914,0
74031.72712,6224.279,5840.747,44.247,7262.371,4514.242,5139.5366,0
74031.73045789001,-2886.8513,-2802.4353,-3110.3982,-2642.9429,-3084.0461,-2827.343,0
74031.73379,-10070.28,-9603.724,-44.24565,-10472.598,-8804.631,-8958.508,0
74031.73712,-8513.029,-8098.3525,-44.24565,-8746.527,-7157.288,-7507.939,0
74031.74046,1137.2507,1094.9897,187.9453,1950.0249,801.91034,1052.0736,0
74031.74379,6826.708,6391.427,44.247,8566.667,4893.3164,5603.695,0
74031.74713,-2540.0854,-2585.951,-3184.659,-1420.6566,-3104.0298,-2759.7349,0
74031.75046,-9179.693,-8969.662,-44.24565,-8844.852,-8164.3633,-8346.418,0
74031.75379,-7235.4497,-6914.481,1065.8424,-6857.339,-6048.9956,-6399.348,0
74031.75712541159,3901.5,3611.704,2746.8079,5004.5137,3421.0496,3662.7527,0
74031.76046,6618.6943,6197.369,44.247,8391.901,4702.732,5294.9546,0
74031.76379,-2251.6902,-2257.8406,-2876.1372,-1572.7927,-2654.968,-2472.7297,0
74031.76712573219,-9573.509,-9272.296,-44.24565,-10108.378,-8471.632,-8714.15,0
74031.77045917239,-8277.415,-7953.3066,598.99133,-9250.806,-6981.3867,-7352.2173,0
74031.77379261258,3484.4075,3271.586,2583.3474,2897.6516,3095.1226,3346.5667,0
74031.77713,6118.321,5621.1953,44.247,6036.915,4142.947,4974.536,0
74031.78045949299,-1725.4889,-1784.2477,-1589.6208,-2972.8977,-2154.9304,-1800.438,0
74031.78379293319,-9808.237,-9428.562,-44.24565,-11918.684,-8462.955,-8761.165,0
74031.78712637338,-8134.9956,-7703.829,325.68335,-10281.031,-6623.1035,-7095.487,0
74031.79046,2196.8533,2081.2966,1467.0132,867.50116,1931.1241,2082.9087,0
74031.79379325379,6056.187,5595.401,44.247,5846.8613,4199.793,4875.116,0
74031.79712669399,-3262.9375,-3350.039,-3572.0833,-3840.3188,-3657.407,-3481.7854,0
74031.80046013418,-9680.067,-9448.957,-44.24565,-10420.737,-8631.698,-8915.984,0
74031.80379357438,-8265.803,-8049.654,240.80135,-8400.627,-7144.205,-7524.445,0
74031.80712701459,2187.7148,1844.3951,815.7728,3424.792,1490.9735,1775.1647,0
74031.81046045478,6581.474,5984.1157,44.247,9103.253,4444.2314,5176.3696,0
74031.81379389498,-2603.4336,-2631.7754,-3289.0732,-889.6431,-3078.8755,-2958.045,0
74031.81712733518,-9276.347,-8969.662,-44.24565,-8280.985,-8150.3013,-8482.371,0
74031.82046077539,-7371.9575,-7121.6504,1089.9224,-6689.6694,-6149.3784,-6594.171,0
74031.82379421558,3357.4954,3135.8923,2319.236,4532.7227,2915.1245,3093.6006,0
74031.82712765578,6262.6997,5683.2817,44.247,7738.7046,4316.7764,5008.075,0
74031.83046109597,-2153.8,-2198.7065,-2176.6953,-1977.4269,-2542.0935,-2338.5054,0
74031.83379453617,-9675.265,-9371.574,-44.24565,-10813.135,-8409.101,-8749.786,0
74031.83712797638,-7421.201,-7240.58,1300.0204,-9140.922,-6255.2256,-6539.7905,0
74031.84046141658,4199.188,3804.6628,3545.4658,2826.5352,3693.4592,3969.888,0
74031.84379485677,5979.3447,5471.528,44.247,5453.2646,4212.0596,4839.7803,0
74031.84712829697,-2453.6929,-2407.3635,-2129.4685,-3859.7046,-2560.51,-2469.0327,0
74031.85046173718,-9546.194,-9134.626,-44.24565,-11528.384,-7987.841,-8483.868,0
74031.85379517738,-8051.345,-7716.517,723.60535,-9869.619,-6557.283,-7057.2124,0
74031.85712861757,3478.8975,3265.3682,2849.378,2850.8877,3242.0413,3373.9639,0
74031.86046205777,6311.0264,5879.4385,44.247,7062.725,4593.5273,5142.8306,0
74031.86379549796,-2383.406,-2342.5984,-2102.3071,-1891.7913,-2626.278,-2547.356,0
74031.86712893817,-9551.597,-9277.095,-44.24565,-9200.977,-8417.777,-8721.637,0
74031.87046237837,-7768.51,-7440.3394,536.6843,-7015.6826,-6547.6357,-6931.5005,0
74031.87379581857,3375.1448,3147.2957,1981.3191,5021.9995,2932.6978,3062.6003,0
74031.87712925876,6627.099,6132.283,44.247,9292.707,4743.422,5370.118,0
74031.88046269897,-1418.186,-1507.7911,-1947.8076,272.00674,-1794.2478,-1545.7206,0
74031.88379613917,-9192.9,-8815.196,-44.24565,-8573.859,-7970.787,-8261.672,0
74031.88712957937,-7988.5117,-7726.371,651.36536,-7747.2495,-6735.736,-7121.367,0
74031.89046301956,3932.1829,3693.8877,2100.6848,4255.9453,3522.866,3703.3462,0
74031.89379645976,6262.0996,5799.056,44.247,6804.324,4422.989,5068.8647,0
74031.89712989997,-1276.928,-1433.5804,-1556.26,-2125.6257,-1744.7795,-1317.7686,0
74031.90046334016,-9734.997,-9445.958,-44.24565,-11859.929,-8511.724,-8719.841,0
74031.90379678036,-8083.3076,-7764.691,671.53235,-10658.824,-6680.8623,-7069.7573,0
74031.90713022056,2845.4932,2622.0386,1527.3169,1078.3135,2520.558,2665.9102,0
74031.91046366075,6668.221,6224.9634,44.247,5694.8784,5008.8037,5447.3784,0
74031.91379710096,-2288.889,-2291.1057,-2604.919,-3778.462,-2587.304,-2422.98,0
74031.91713054116,-9917.196,-9638.216,-44.24565,-11781.989,-8635.887,-8934.252,0
74031.92046398135,-7564.071,-7228.055,1194.9713,-8867.662,-6214.2695,-6635.257,0
74031.92379742155,3744.0957,3505.1902,2656.15,3868.6262,3315.7356,3550.0142,0
74031.92713086176,5949.9287,5470.9277,44.247,7495.8916,3926.333,4795.7603,0
74031.93046430196,-2456.928,-2387.9172,-2260.5364,-1443.4828,-2806.4963,-2533.6816,0
74031.93379774215,-9804.035,-9353.278,-44.24565,-9166.503,-8492.575,-8838.725,0
74031.93713118235,-8150.473,-7737.989,589.05835,-7373.6924,-6795.35,-7239.972,0
74031.94046462254,2536.4062,2543.0125,1582.6288,4386.859,2219.8955,2362.5469,0
74031.94379806276,6368.958,5953.5225,44.247,8909.303,4565.404,5148.82,0
74031.94713150295,-3719.1929,-3686.635,-3587.359,-2279.369,-3946.2512,-3820.4236,0
74031.95046494315,-9417.424,-9053.344,-44.24565,-8926.389,-8015.067,-8418.887,0
74031.95379838334,-8034.3135,-7761.772,479.49435,-7871.1577,-6655.9873,-7046.785,0
74031.95713182355,3243.3008,2941.8315,2251.9717,3856.833,2736.6238,3046.5515,0
74031.96046526375,6363.5547,5813.1533,44.247,7377.4824,4414.612,5185.653,0
74031.96379870395,-2724.231,-2772.364,-2575.8633,-3368.8003,-2991.0437,-2765.2722,0
74031.96713214414,-9339.381,-8928.571,-44.24565,-11033.466,-7881.6284,-8284.7295,0
74031.97046558434,-7056.2876,-6726.437,1485.1354,-9090.104,-5568.0693,-6022.578,0
74031.97379902455,3824.1138,3641.6865,2861.1794,2443.2268,3530.0247,3695.5417,0
74031.97713246474,5878.1895,5428.037,44.247,5207.454,4060.071,4804.744,0
74031.98046590494,-1342.1887,-1255.5271,-778.82764,-2905.0369,-1522.308,-1324.1539,0
74031.98379934514,-9696.276,-9376.673,-44.24565,-11999.621,-8384.567,-8705.467,0
74031.98713278535,-7000.5728,-6715.239,1767.7743,-8948.955,-5771.3154,-6022.0273,0
74031.99046622554,4599.202,4257.193,3853.0212,4120.124,3940.7764,4418.5225,0
74031.99379966574,5981.446,5560.908,44.247,6916.1377,4137.8604,4747.248,0
74031.99713310594,-3252.4175,-3200.4883,-3088.3552,-2506.341,-3500.498,-3275.8225,0
74032.00046654613,-9861.366,-9440.859,-44.24565,-9309.493,-8545.831,-8887.236,0
74032.00379998634,-8763.358,-8390.148,390.69934,-7695.856,-7438.007,-7800.973,0
74032.00713342654,2637.1099,2477.5469,1287.5557,4872.6733,2270.0881,2443.495,0
74032.01046686673,6474.3154,6130.184,44.247,9653.33,4739.2334,5264.111,0
74032.01380030693,-3257.0244,-3118.1396,-3338.7314,-1113.1681,-3518.6758,-3323.3296,0
74032.01713374713,-9425.228,-8957.665,-44.24565,-8417.381,-8256.8125,-8418.887,0
74032.02046718734,-7843.365,-7551.513,819.6243,-7453.987,-6692.8374,-7004.6147,0
74032.02380062753,2814.4175,2647.413,1699.2444,3500.9556,2432.0044,2572.1414,0
74032.02713406773,6519.64,6093.292,44.247,7409.2583,4701.236,5271.298,0
74032.03046750792,-2317.8289,-2172.8208,-2395.207,-2866.7166,-2603.9348,-2384.6997,0
74032.03380094813,-9272.444,-8888.9795,-44.24565,-11331.136,-8068.3228,-8349.113,0
74032.03713438833,-7629.5063,-7312.8843,870.7944,-10190.67,-6499.851,-6785.15,0
74032.04046782853,4342.978,4033.9104,2809.4307,2447.7864,3806.0315,4123.486,0
74032.04380126872,6263,5837.7476,44.247,5229.3374,4376.3154,5005.979,0
74032.04713470892,-1996.71,-2051.875,-1856.9589,-3752.8364,-2401.342,-2112.402,0
74032.05046814913,-9630.84,-9278.295,-44.24565,-11922.58,-8522.494,-8720.439,0
74032.05380158933,-8578.144,-8319.946,395.81635,-10685.133,-7316.8037,-7755.4297,0
74032.05713502952,1850.8613,1714.1351,639.7664,1116.7676,1512.365,1606.143,0
74032.06046846972,5922.3135,5422.0386,44.247,6504.2554,4071.7395,4632.257,0
74032.06380190993,-3997.4875,-3876.8477,-3611.1,-3705.4333,-4221.5986,-4169.9683,0
74032.06713535012,-9455.244,-8996.956,-44.24565,-9465.973,-8140.4277,-8601.8545,0
74032.07046879032,-7653.7065,-7369.728,911.4293,-7364.58,-6410.448,-6859.207,0
74032.07380223052,4057.1636,3722.9385,2883.8782,5480.7793,3487.1646,3698.8381,0
74032.07713567071,6458.4067,5893.236,44.247,9034.007,4398.7544,5097.0137,0
74032.08046911092,-3451.1006,-3426.9678,-3480.2393,-1559.871,-3868.8582,-3707.5332,0
74032.08380255112,-9404.517,-9039.247,-44.24565,-8130.2017,-8170.646,-8541.664,0
74032.08713599131,-7864.9746,-7440.8965,-44.24565,-6775.545,-6555.018,-7125.5327,0
74032.09046943151,2871.669,2579.495,979.8144,4579.7373,2396.9197,2438.9146,0
74032.09380287172,6584.776,6050.1016,44.247,8632.616,4693.7563,5243.149,0
74032.09713631192,-1720.0908,-1728.3315,-1673.3018,-1129.3097,-1980.0173,-1900.9749,0
74032.10046975211,-9544.393,-9244.103,-44.24565,-10271.752,-8301.093,-8705.766,0
74032.10380319231,-7562.524,-7350.752,1103.4674,-9032.909,-6305.4746,-6765.3906,0
74032.10714,3899.8494,3467.1929,2465.7505,2788.227,3258.419,3527.5862,0
74032.11047007272,6263.9004,5705.177,44.247,5568.376,4368.8354,5011.6685,0
74032.11380351291,-3043.582,-3085.2485,-2565.2231,-4921.712,-3264.8035,-3171.8464,0
74032.11713695311,-9879.076,-9498.746,-44.24565,-12524.816,-8513.519,-8859.687,0
74032.12047,-8344.158,-7994.017,452.40436,-10984.97,-6945.4673,-7378.1235,0
74032.12380383351,2897.4724,2738.8086,1903.6008,1305.2827,2471.208,2787.1045,0
74032.12713727371,6133.929,5768.463,44.247,5785.7085,4339.216,5022.1494,0
74032.13047,-3349.1404,-3234.6357,-2802.3738,-4184.2363,-3586.9194,-3315.6902,0
74032.1338,-9731.095,-9310.088,-44.24565,-10593.704,-8529.675,-8655.757,0
74032.13714,-8072.9473,-7766.6763,619.1583,-8278.272,-6975.88,-7122.4307,0
74032.14047103451,3304.0308,3061.0293,1916.5208,4611.195,2704.222,3039.5437,0
74032.1438,6463.2095,6053.7007,44.247,9179.095,4555.5303,5203.92,0
74032.14714,-3153.2542,-3008.37,-2922.271,-784.40283,-3493.4412,-3314.237,0
74032.15047,-9089.944,-8689.224,-44.24565,-7172.4395,-7872.054,-8206.871,0
74032.15380479529,-7189.3447,-6854.43,914.43933,-5299.7583,-5981.69,-6431.5674,0
74032.15714,4055.8525,3770.1047,2581.7676,6537.161,3431.5242,3708.262,0
74032.16047,6241.688,5776.561,44.247,9231.8545,4252.4507,5008.075,0
74032.16381,-2217.2148,-2118.6438,-1849.722,-802.9076,-2528.4531,-2283.5984,0
74032.16713855609,-9569.907,-9243.502,-44.24565,-9703.989,-8401.621,-8623.415,0
74032.17047,-7702.6084,-7382.128,1136.5774,-8694.934,-6449.7847,-6802.3535,0
74032.17381,4166.665,3978.408,2816.662,3097.8286,3791.9128,3955.3645,0
74032.17714,6072.0957,5678.1826,44.247,5175.079,4395.164,4945.189,0
74032.18047231689,-2930.8257,-2854.7332,-2298.705,-5068.1543,-3027.1753,-2925.2886,0
74032.18380575709,-9974.828,-9628.618,-44.24565,-13161.826,-8538.949,-8946.2295,0
74032.18714,-8114.908,-7717.3257,749.49133,-11406.43,-6669.3237,-7097.5063,0
74032.19047263749,3080.986,2915.6453,1973.4443,1025.4347,2717.8928,2976.092,0
74032.19380607769,6151.0386,5808.6543,44.247,5224.241,4476.544,5040.716,0
74032.19713951788,-3926.2761,-3807.1702,-3652.634,-5053.0884,-4165.4927,-4003.0366,0
74032.20047,-9701.679,-9261.799,-44.24565,-10742.989,-8444.704,-8673.125,0
74032.20380639829,-8182.199,-7725.1406,405.74936,-8478.192,-6809.616,-7310.0864,0
74032.20713983849,2924.5703,2925.195,1319.0208,4311.6934,2591.303,2703.4243,0
74032.21047327868,6720.4497,6334.139,44.247,9502.846,4848.1387,5430.309,0
74032.21380671888,-2783.311,-2694.728,-2475.124,-384.33383,-3081.2441,-2951.8132,0
74032.21714015909,-9496.366,-9147.823,-44.24565,-7545.9517,-8328.319,-8699.776,0
74032.22047359929,-7706.731,-7338.05,624.8774,-5943.9473,-6455.2544,-6986.1484,0
74032.22380703948,3705.441,3490.7646,2056.3313,6268.264,3151.3667,3336.249,0
74032.22714047968,6480.6187,5980.8164,44.247,9311.293,4534.2876,5182.359,0
74032.23047391989,-2202.6948,-2200.931,-1820.7307,-919.1797,-2465.8337,-2270.3801,0
74032.23380736008,-9519.179,-9116.63,-44.24565,-9758.847,-8053.6626,-8523.098,0
74032.23714080028,-7905.636,-7622.9897,878.31934,-9083.592,-6581.1855,-7072.8896,0
74032.24047424048,3902.9202,3701.6128,2217.6382,2732.7144,3590.7217,3674.1038,0
74032.24380768067,6214.6733,5783.4595,44.247,5149.5986,4475.6465,4987.1133,0
74032.24714112088,-2375.1238,-2336.125,-1865.3403,-4751.7993,-2581.4587,-2374.076,0
74032.25047456108,-9733.797,-9425.5625,-44.24565,-12861.757,-8392.944,-8795.304,0
74032.25380800127,-8137.0586,-7739.2246,663.70636,-11080.932,-6772.1626,-7194.97,0
74032.25714144147,2990.9697,2737.7126,1496.1284,1191.144,2412.2336,2672.1287,0
74032.26047488168,6464.71,6087.893,44.247,5947.884,4577.9697,5206.016,0
74032.26380832188,-3005.9775,-2876.5833,-2709.1318,-3851.3665,-3171.5828,-3210.352,0
74032.26714176207,-8999.8955,-8589.6455,-44.24565,-9769.938,-7694.6343,-8162.8506,0
74032.27047520227,-6878.3438,-6645.171,1141.6943,-6779.3887,-5632.3657,-6244.4395,0
74032.27380864247,4297.329,3976.4268,2418.8772,6177.1934,3683.2085,3856.715,0
74032.27714208268,6371.9595,5772.362,44.247,9586.781,4400.55,4917.639,0
74032.28047552287,-2360.611,-2381.6123,-2258.7527,381.03226,-2663.1167,-2608.4775,0
74032.28380896307,-9292.556,-9021.851,-44.24565,-7300.141,-8130.854,-8527.589,0
74032.28714240326,-7812.293,-7544.199,767.55133,-5934.3706,-6661.137,-7024.646,0
74032.29047584346,3405.9001,3242.1172,1565.7001,5554.878,2886.128,3143.0212,0
74032.29380928367,6371.659,5987.715,44.247,8499.818,4549.8457,5105.3984,0
74032.29714272387,-2943.3948,-2882.7444,-2524.351,-2772.7515,-3178.8857,-3104.504,0
74032.30047616406,-9604.126,-9248.001,-44.24565,-10891.675,-8225.397,-8710.558,0
74032.30380960426,-8140.525,-7892.1836,496.35034,-10179.91,-6850.9585,-7337.172,0
74032.30714304447,3042.5278,2829.9204,1376.5693,1497.5623,2636.7224,2743.0151,0
74032.31047648466,6288.814,5805.655,44.247,5235.6323,4511.5493,5042.2134,0
74032.31380992486,-3005.1626,-2983.5208,-2827.3755,-4917.944,-3176.4006,-3164.5278,0
74032.31714336506,-9661.757,-9394.069,-44.24565,-12073.064,-8453.082,-8794.405,0
74032.32047680525,-6951.4663,-6725.5903,1666.2983,-8904.767,-5789.8267,-6169.2827,0
74032.32381024546,3584.6013,3427.3914,1641.864,3035.3135,3214.9146,3310.8635,0
74032.32714368566,6724.6523,6304.7456,44.247,7550.1494,4945.9736,5387.487,0
74032.33047712586,-2131.9998,-2098.6191,-1705.4834,-1986.7115,-2316.0027,-2335.8823,0
74032.33381056605,-9095.047,-8797.8,-44.24565,-9383.536,-7740.41,-8260.773,0
74032.33714400626,-7180.0713,-6918.026,1291.7881,-7269.0195,-5901.67,-6388.3843,0
74032.34047744646,4852.076,4517.678,3017.0762,6003.8037,4351.3535,4485.731,0
74032.34381088665,6468.312,5905.833,44.247,8489.926,4612.3765,5128.7563,0
74032.34714432685,-3426.1284,-3475.4,-2914.8203,-2219.7341,-3734.6428,-3533.1863,0
74032.35047776705,-9463.648,-9312.1875,-44.24565,-9234.551,-8266.985,-8603.352,0
74032.35381120726,-8369.967,-8226.624,203.63399,-8169.215,-7087.972,-7519.366,0
74032.35714464745,2932.9321,2558.0513,986.78156,3911.4077,2457.3784,2627.4033,0
74032.36047808765,6311.6265,5598.4,44.247,8075.645,4437.051,5013.4653,0
74032.36381152784,-2756.4597,-2902.3774,-2244.93,-2031.9938,-2969.7427,-2854.7156,0
74032.36714496806,-9509.574,-9230.005,-44.24565,-9747.756,-8161.9697,-8531.482,0
74032.37047840825,-7504.7305,-7257.183,1228.269,-8143.713,-6131.841,-6593.847,0
74032.37381184845,4140.5684,3893.6316,2453.4006,4287.4805,3790.506,3943.673,0
74032.37714528864,6063.091,5559.7085,44.247,6762.0566,4163.89,4916.7407,0
74032.38047872884,-2750.4553,-2675.4912,-2120.6445,-3158.2095,-3013.226,-2726.1575,0
74032.38381216905,-9759.61,-9384.771,-44.24565,-11320.645,-8434.831,-8726.728,0
74032.38714560925,-7571.5513,-7194.7627,771.1633,-9424.867,-6198.567,-6626.9487,0
74032.39047904944,3221.1304,3017.251,1847.997,2187.023,2808.571,3034.0066,0
74032.39381248964,6501.33,5976.0176,44.247,6103.7637,4715.597,5265.907,0
74032.39714592985,-3113.9373,-3102.6592,-2208.0007,-4176.043,-3298.6687,-3154.9038,0
74032.40047937004,-9465.75,-9109.432,-44.24565,-11070.037,-8112.603,-8491.056,0
74032.40381281024,-8044.4736,-7723.3735,770.4845,-9186.051,-6756.8604,-7143.5596,0
74032.40714625044,3171.0664,2894.8762,1249.8137,3400.1401,2603.4128,2916.1829,0
74032.41047969063,6470.413,6072.8965,44.247,8170.0723,4585.449,5273.9927,0
74032.41381313084,-4633.2036,-4523.528,-4045.525,-3437.0325,-4775.145,-4716.6597,0
74032.41714657104,-9370.598,-9001.155,-44.24565,-8397.8955,-8045.5845,-8361.391,0
74032.42048001123,-7900.0244,-7598.9766,625.19727,-7018.3013,-6543.4883,-6992.7134,0
74032.42381345143,4293.2397,3965.6077,2522.0686,5999.6123,3773.1072,4013.0303,0
74032.42714689163,6612.991,6141.2812,44.247,8977.051,4819.117,5406.3525,0
74032.43048033184,-1984.7856,-1987.4729,-1223.7302,-875.87006,-2155.9456,-2093.3748,0
74032.43381377203,-9372.999,-9071.04,-44.24565,-9261.23,-8075.5034,-8424.876,0
74032.43714721223,-6048.171,-5822.7095,2085.3293,-6455.3765,-4849.695,-5213.3633,0
74032.44048065243,4097.756,3709.6135,2683.4116,4177.0293,3446.6777,3796.5457,0
74032.44381409264,6655.014,6235.7607,44.247,7155.6533,4939.3916,5397.968,0
74032.44714753283,-3297.7986,-3171.1455,-2624.0872,-3967.8945,-3254.148,-3388.209,0
74032.45048097303,-9118.46,-8760.308,-44.24565,-10588.009,-7658.432,-8150.573,0
74032.45381441322,-7431.3716,-7310.9375,1309.2517,-9220.767,-6138.7134,-6632.0034,0
74032.45714785342,4251.4907,3886.1226,2480.5166,3098.078,3826.213,3936.7407,0
74032.46048129363,6199.065,5711.4756,44.247,5852.2573,4492.9995,4977.531,0
74032.46381473383,-3777.4883,-3793.71,-2900.779,-5022.2075,-3884.405,-3888.5625,0
74032.46714817402,-9296.758,-8973.562,-44.24565,-11058.6455,-7940.569,-8365.283,0
74032.47048161422,-8164.9185,-7937.1934,522.47534,-9591.439,-6925.8784,-7276.8745,0
74032.47381505443,3709.8909,3501.3298,1509.9143,3364.3386,3358.7883,3367.6846,0
74032.47714849462,6494.7266,6003.0117,44.247,7411.6562,4709.6133,5180.562,0
74032.48048193482,-2678.514,-2551.6604,-2121.8162,-2147.0903,-2880.2468,-2815.9204,0
74032.48381537502,-9197.703,-8855.387,-44.24565,-8985.742,-7956.725,-8436.854,0
74032.48714881521,-6717.7427,-6367.7666,1358.6184,-6165.9146,-5488.5713,-6020.2563,0
74032.49048225542,4345.77,4021.8628,2132.897,5979.215,3744.192,3902.7434,0
74032.49381569562,6360.553,5822.1514,44.247,8834.061,4366.442,4999.9897,0
74032.49714913582,-2056.7542,-2097.2104,-1315.0526,-549.7898,-2437.176,-2177.8252,0
74032.50048257601,-9427.329,-9043.746,-44.24565,-8803.783,-8242.152,-8528.487,0
74032.50381601622,-7747.5405,-7475.8066,1271.4551,-7461.1055,-6422.306,-6881.883,0
74032.50714945642,2971.0613,2832.0369,1195.5803,3665.0254,2678.994,2649.968,0
74032.51048289661,6363.5547,5906.733,44.247,7156.8525,4656.3574,5152.713,0
74032.51381633681,-4370.873,-4293.9287,-3501.6104,-5048.625,-4407.6636,-4337.0615,0
74032.51715,-9905.49,-9604.623,-44.24565,-11832.949,-8572.459,-8878.553,0
74032.52048321722,-8043.475,-7779.254,787.608,-10449.591,-6778.139,-7178.4604,0
74032.52381665741,4348.5654,4072.7026,2490.0735,2755.3062,3831.965,4082.412,0
74032.52715009761,6425.989,5979.317,44.247,5742.842,4504.0693,5249.4375,0
74032.53048,-2637.507,-2716.5234,-1652.7949,-4216.4395,-3022.4583,-2655.1604,0
74032.53382,-9289.854,-8823.294,-44.24565,-11115.003,-7940.2695,-8276.645,0
74032.53715041821,-6936.1636,-6594.826,1624.6376,-8253.377,-5665.0767,-6059.393,0
74032.54048,4253.259,4129.8135,2130.445,4423.4966,3670.6045,3900.3699,0
74032.54382,6487.5225,5946.624,44.247,8013.593,4566.002,5166.1885,0
74032.54715,-2540.7234,-2551.589,-1768.7605,-1479.6089,-2902.508,-2717.5361,0
74032.55048417901,-9199.805,-8946.867,-44.24565,-8584.052,-7984.2505,-8391.037,0
74032.55382,-6400.1772,-6207.633,2195.625,-5602.564,-5305.124,-5652.253,0
74032.55715,4519.3022,4135.6685,2433.6914,6038.167,3782.0227,4120.7725,0
74032.56048,6606.3877,6030.6055,44.247,8800.187,4540.87,5271.597,0
74032.56382,-2793.8772,-2777.3389,-1755.5066,-1915.5165,-3031.5552,-2909.5361,0
74032.56715,-9881.478,-9541.637,-44.24565,-9971.684,-8634.989,-8966.893,0
74032.57048,-8248.252,-7879.546,437.96997,-8696.007,-6884.0996,-7363.166,0
74032.57382,2701.5515,2527.5166,897.85986,2724.09,2268.6887,2406.4893,0
74032.57715170059,5999.4556,5602.899,44.247,6366.0615,4280.8735,4872.7207,0
74032.58049,-3935.6968,-3887.1519,-2610.9824,-4700.303,-4028.5593,-3858.1477,0
74032.58382,-9772.218,-9362.576,-44.24565,-11362.3125,-8341.185,-8694.687,0
74032.58715,-7219.212,-7008.21,1513.8925,-8784.7,-5954.4307,-6212.957,0
74032.59048546139,4880.4907,4474.141,3004.5127,4234.8594,4239.2886,4495.082,0
74032.59381890159,6219.7764,5669.1846,44.247,6460.189,4429.87,4935.6064,0
74032.59715,-2713.964,-2707.7483,-1803.8231,-3098.1455,-2884.5537,-2812.339,0
74032.60049,-9192,-8944.168,-44.24565,-10224.089,-7924.1133,-8357.498,0
74032.60381922219,-6879.9126,-6653.76,1489.0907,-7678.2427,-5615.749,-6191.531,0
74032.60715266239,4403.526,4012.9714,2138.1482,4610.1797,3742.521,3942.0674,0
74032.61049,6431.392,5914.831,44.247,7575.63,4560.018,5069.164,0
74032.61381954279,-3789.1873,-3724.4155,-2885.185,-3469.0928,-3951.4075,-3868.1855,0
74032.61715298299,-9467.851,-9106.433,-44.24565,-9784.027,-8226.894,-8498.842,0
74032.62048642318,-7720.463,-7401.5083,846.5825,-8247.892,-6542.248,-6871.7954,0
74032.62381986338,3701.6716,3544.57,1773.9324,4070.6792,3210.1504,3438.774,0
74032.62715330359,6197.564,5831.1494,44.247,7238.6895,4512.746,5023.9463,0
74032.63048674379,-4605.27,-4447.7036,-3676.512,-4451.566,-4607.011,-4544.6924,0
74032.63382018398,-9583.414,-9218.008,-44.24565,-9959.093,-8141.6245,-8532.081,0
74032.63715362418,-7367.8013,-7031.3154,1305.9221,-7709.4404,-6007.406,-6459.4253,0
74032.64048706439,5089.766,4756.519,3121.7583,5537.9844,4484.2715,4774.53,0
74032.64382050459,6045.681,5564.8076,44.247,7305.838,4253.049,4830.1978,0
74032.64715394478,-2444.7458,-2573.6528,-1311.562,-2144.0845,-2798.3374,-2495.626,0
74032.65048738498,-9660.256,-9405.167,-44.24565,-10000.761,-8485.693,-8711.156,0
74032.65382082517,-6842.6655,-6569.3613,1698.4745,-7243.696,-5586.618,-6040.8994,0
74032.65715426538,3505.3645,3191.8994,1542.3472,3897.586,2973.9353,3120.2866,0
74032.66048770558,6253.3945,5705.177,44.247,7281.5566,4384.9917,4998.4927,0
74032.66382114578,-3383.6958,-3360.9854,-2252.717,-3444.7292,-3544.1206,-3466.8042,0
74032.66715458597,-9406.918,-9086.337,-44.24565,-10176.426,-8065.9297,-8493.151,0
74032.67048802617,-7637.9805,-7483.253,845.99646,-8578.472,-6497.856,-6905.106,0
74032.67382146638,3578.948,3237.2449,1571.4834,3535.8286,2956.6765,3237.4543,0
74032.67715490657,6652.3125,6083.994,44.247,7307.3364,4628.2334,5301.243,0
74032.68048834677,-4355.2837,-4461.9165,-3565.1672,-4594.8027,-4636.2866,-4412.56,0
74032.68382178697,-9459.747,-9187.715,-44.24565,-10362.282,-8118.587,-8521.301,0
74032.68715522718,-8060.3574,-7775.9443,165.50433,-8848.286,-6638.585,-7199.8877,0
74032.69048866737,3017.3428,2692.9387,476.8112,3065.5696,2577.9888,2638.692,0
74032.69382210757,6924.862,6443.0156,44.247,7685.3457,5263.1157,5709.702,0
74032.69715554776,-2848.083,-2841.9148,-2138.8145,-3208.0652,-2959.037,-2935.2258,0
74032.70048898796,-9087.844,-8681.726,-44.24565,-10132.359,-7712.885,-8167.0435,0
74032.70382242817,-5759.712,-5525.4116,2627.6807,-6742.6147,-4535.7295,-5010.388,0
74032.70715586837,5971.5034,5465.5757,4033.2708,6029.0464,5182.277,5535.8115,0
74032.71048930856,6307.724,5729.1714,44.247,7094.8003,4351.4824,4976.3325,0
74032.71382274876,-3562.2566,-3572.3923,-2112.7214,-3676.3967,-3683.1646,-3615.5664,0
74032.71715618897,-9823.546,-9521.241,-44.24565,-10494.78,-8514.715,-8881.847,0
74032.72048962917,-7716.6074,-7459.7554,936.4018,-8123.2563,-6446.9077,-6982.0815,0
74032.72382306936,4112.83,3877.7957,2023.9187,4669.0635,3591.8257,3662.002,0
74032.72715650956,6438.5957,5956.2217,44.247,7873.301,4657.255,5124.264,0
74032.73048994975,-3759.915,-3670.4453,-2548.241,-3181.8416,-3835.2312,-3781.9978,0
74032.73382338996,-9740.7,-9291.192,-44.24565,-9763.943,-8351.357,-8803.688,0
74032.73715683016,-8107.5464,-7859.81,661.23535,-8238.694,-6988.765,-7292.5054,0
74032.74049027036,3570.9792,3318.3171,1510.3884,4307.192,2862.374,3136.8325,0
74032.74382371055,6216.4746,5818.252,44.247,7570.8335,4507.959,4960.4614,0
74032.74715715076,-3514.7136,-3489.1091,-2260.2156,-3375.9822,-3650.7524,-3630.7874,0
74032.75049059096,-8875.327,-8555.753,-44.24565,-9656.026,-7482.209,-7972.995,0
74032.75382403116,-6976.308,-6715.063,841.4949,-7912.964,-5668.6113,-6291.57,0
74032.75715747135,4062.6143,3727.6328,2032.8795,3898.0842,3407.8796,3573.244,0
74032.76049091155,6540.652,5885.7373,44.247,7061.226,4556.4277,5108.393,0
74032.76382435176,-3684.5427,-3729.441,-2585.9028,-4105.811,-3867.6306,-3847.9858,0
74032.76715779195,-9204.607,-8981.659,-44.24565,-10237.278,-8041.695,-8309.285,0
74032.77049123215,-6844.6045,-6650.3022,1446.9601,-7905.931,-5682.111,-6046.4995,0
74032.77382467235,4870.3325,4578.4443,2676.2441,4824.26,4317.583,4534.6084,0
74032.77715811256,6143.2344,5699.178,44.247,6952.71,4402.3447,4972.14,0
74032.78049155275,-3691.9443,-3639.899,-2370.447,-3798.727,-3800.4834,-3609.9075,0
74032.78382499295,-9804.035,-9514.644,-44.24565,-10639.868,-8486.591,-8779.133,0
74032.78715843314,-7681.987,-7349.684,1008.25336,-8602.752,-6353.237,-6728.643,0
74032.79049187334,4357.3345,4169.746,2409.457,4330.53,3955.123,4145.372,0
74032.79382531355,6533.748,6209.9663,44.247,7218.605,4899.3003,5453.068,0
74032.79715875375,-4051.432,-3999.7947,-2557.2795,-3944.6658,-4168.2095,-3905.9446,0
74032.80049219394,-9370.598,-9023.351,-44.24565,-9754.65,-7989.6357,-8362.589,0
74032.80382563414,-7578.5415,-7236.068,1007.6596,-7649.5083,-6156.559,-6690.5625,0
74032.80715907433,4421.4795,4156.134,2020.9652,5495.3,3968.9895,4024.8237,0
74032.81049251455,6785.5854,6474.509,44.247,8805.583,5098.561,5520.446,0
74032.81382595474,-4457.16,-4344.1445,-3515.5771,-3202.6804,-4314.774,-4479.4277,0
74032.81715939494,-9403.016,-9041.946,-44.24565,-8663.191,-7973.1807,-8391.936,0
74032.82049283513,-6394.386,-6102.4614,2029.3467,-5884.6753,-5100.835,-5587.7524,0
74032.82382627534,5270.7656,4941.9307,2968.082,6256.105,4636.4053,4833.358,0
74032.82715971554,6396.5728,5863.8423,44.247,7567.836,4411.0215,5058.384,0
74032.83049315574,-3164.9465,-3126.661,-1749.3485,-3383.6953,-3420.3054,-3134.6265,0
74032.83382659593,-9360.393,-8971.762,-44.24565,-10847.908,-7991.132,-8370.075,0
74032.83716003613,-7482.631,-7189.542,1003.04987,-9367.536,-6197.01,-6643.1665,0
74032.84049347634,4151.805,3902.662,2246.9248,2906.9216,3648.7773,3836.9197,0
74032.84382691653,6108.4155,5644.59,44.247,5556.685,4343.105,4958.9644,0
74032.84716035673,-3824.7422,-3747.1353,-2085.383,-5198.5337,-3737.6257,-3654.1592,0
74032.85049379693,-9701.679,-9272.296,-44.24565,-11418.969,-8271.772,-8554.54,0
74032.85382723714,-7868.858,-7493.051,811.8246,-9304.303,-6513.7207,-6909.482,0
74032.85716067733,4046.5273,3863.6067,1809.494,3948.1523,3436.7207,3819.1887,0
74032.86049411753,5977.8438,5536.9136,44.247,7081.91,4168.378,4851.759,0
74032.86382755773,-4214.8794,-4001.413,-2463.2598,-3586.2324,-4159.2256,-4139.2583,0
74032.86716099792,-9588.217,-9046.1455,-44.24565,-9042.998,-8037.5063,-8494.35,0
74032.87049443813,-7391.661,-7000.5054,764.9047,-6675.707,-6009.5273,-6551.96,0
74032.87382787833,4309.6436,4071.4329,1949.1533,5959.43,3785.4966,3927.745,0
74032.87716131852,6327.235,5831.449,44.247,8486.628,4498.684,5089.228,0
74032.88049475872,-2769.4219,-2759.5442,-1424.9485,-1785.6493,-2917.9055,-2807.114,0
74032.88382819893,-9331.576,-8983.459,-44.24565,-9171.899,-8019.555,-8452.126,0
74032.88716163913,-6648.553,-6463.304,1510.1433,-6791.182,-5586.2227,-5923.9844,0
74032.89049507932,4581.315,4234.6055,2181.5168,5027.578,3798.472,4114.335,0
74032.89382851952,6434.0933,6059.699,44.247,7158.6514,4649.476,5181.7603,0
74032.89716195971,-4310.3716,-4202.203,-2969.3184,-5031.6206,-4360.4194,-4251.8833,0
74032.90049539992,-9688.472,-9255.5,-44.24565,-11258.592,-8336.696,-8645.575,0
74032.90382884012,-8202.831,-7819.4883,477.03577,-9777.605,-6949.2603,-7338.2686,0
74032.90716228032,3913.085,3725.8552,1558.9419,3265.044,3365.6418,3619.8264,0
74032.91049572051,6071.195,5720.1733,44.247,6173.31,4297.03,4932.612,0
74032.91382916072,-3750.2112,-3567.2249,-2072.4229,-4440.269,-3799.465,-3612.278,0
74032.91716260092,-9788.126,-9453.757,-44.24565,-10929.445,-8491.678,-8716.846,0
74032.92049604112,-7495.003,-7196.0063,834.65594,-8385.432,-6353.08,-6612.9966,0
74032.92382948131,3989.0461,3793.014,2082.1187,4334.177,3423.5828,3650.5728,0
74032.92716,6660.117,6260.3555,44.247,8042.6704,4844.5483,5462.351,0
74032.93049636172,-3996.5374,-3800.1147,-2296.1843,-3331.3599,-3964.1453,-3971.4124,0
74032.93382980191,-9179.994,-8703.62,-44.24565,-9073.575,-7759.2593,-8184.1123,0
74032.93716324211,-6907.3447,-6653.661,1830.1587,-6773.2856,-5659.8296,-6068.2056,0
74032.9405,4740.725,4482.2466,2623.3088,5801.6006,4165.732,4416.141,0
74032.94383,6266.0015,5819.152,44.247,7895.783,4472.655,5074.255,0
74032.94716356271,-4362.458,-4301.1973,-2910.2708,-3858.3694,-4562.0757,-4408.568,0
